QAC лемма (Buckwalter),Количество слов QAC,Пример формы в корпусе
min,3226,ومما
{ll~ah,2699,الله
maA,2565,ومما
laA,1738,ولا
fiY,1701,فيه
<in~,1682,إن
qaAla,1618,يقول
{l~a*iY,1464,الذين
EalaY`,1445,عليهم
kaAna,1358,كانوا
rab~,975,رب
man,871,من
<ilaY`,742,إليك
<in,697,وإن
<il~aA,663,إلا
>an,625,أن
'aAmana,537,يؤمنون
*a`lik,520,ذلك
Ean,465,عنها
>aroD,461,الأرض
<i*aA,409,وإذا
qad,406,قد
yawom,405,يوم
qawom,383,لقومه
'aAyap,382,بآياتنا
Ealima,382,يعلمون
>an~,362,أن
kul~,359,كل
lam,353,لم
jaEala,340,يجعلون
vum~,338,ثم
rasuwl,332,بالرسل
Ea*aAb,322,عذاب
ha`*aA,318,هذا
samaA^',310,السماء
nafos,295,أنفسهم
kafara,289,كفروا
$aYo',283,شيء
>aw,280,أو
jaA^'a,278,جئت
Eamila,276,وعملوا
A^taY,271,وآتوا
ra'aA,271,نرى
bayon,266,بين
>ataY,264,فأتوا
kita`b,260,الكتاب
Haq~,247,الحق
qabol,242,قبلك
n~aAs,241,الناس
<i*,239,وإذ
$aA^'a,236,شاء
>uwla`^}ik,204,أولئك
mu&omin,202,بمؤمنين
law,201,ولو
baEod,199,بعد
Eind,197,عند
xalaqa,184,خلقكم
>anzala,183,أنزل
xayor,178,خير
ka*~aba,176,وكذبوا
sabiyl,176,السبيل
daEaA,170,وادعوا
>amor,166,بأمره
{t~aqaY`,166,تتقون
Ealiym,163,عليم
maE,159,معكم
baEoD,157,بعضكم
lam~aA,156,فلما
A^xir,155,وبالآخرة
>ay~uhaA,153,يا
<ila`h,147,إلهك
gayor,147,غير
jan~ap,147,جنات
naAr,145,نارا
duwn,144,دون
hadaY,144,اهدنا
Hat~aY`,142,حتى
>araAda,139,أراد
>am,137,أم
muwsaY`,136,موسى
{t~abaEa,136,واتبعوا
qalob,132,قلوبهم
Eabod,131,عبدنا
>arosala,130,أرسلناك
ZaAlim,129,الظالمين
ka`firuwn,129,بالكافرين
>ahol,127,أهل
>axa*a,127,يؤخذ
bal,127,بل
{t~axa*a,124,اتخذتم
laEal~,123,لعلكم
Eabada,122,نعبد
EaZiym,120,عظيم
yad,120,يديها
m~ubiyn,119,مبين
r~aHiym,116,الرحيم
d~unoyaA,115,الدنيا
raHomap,114,ورحمته
Zalama,110,ظلمتم
lan,106,ولن
sa>ala,106,سألتم
wajada,106,ولتجدنهم
>ajor,105,أجرهم
Eilom,105,علم
Eaziyz,101,العزيز
>axoraja,99,فأخرج
Hakiym,97,الحكيم
*uw,93,وذي
>akala,93,وكلا
hal,93,هل
diyn,92,الدين
qawol,92,قولا
gafuwr,91,غفور
l~ayosa,89,ليست
$ayoTa`n,88,شياطينهم
faEala,88,تفعلوا
malak,88,للملائكة
maval,88,مثلهم
n~aZara,87,تنظرون
maAl,86,الأموال
waliY~,86,ولي
hudFY,85,هدى
*akara,84,اذكروا
faDol,84,فضل
layol,84,الليل
Salaw`p,83,الصلاة
kayof,83,كيف
qatala,83,فاقتلوا
xaAfa,83,خاف
>aw~al,82,أول
>akovar,80,أكثرهم
bunaY~,80,يا
rajaEa,79,يرجعون
>aSoHa`b,78,أصحاب
samiEa,78,يسمعون
tawal~aY`,78,توليتم
>amara,77,أمر
jahan~am,77,جهنم
*ikor,76,كذكركم
Hayaw`p,76,الحياة
daxala,76,ادخلوا
zawoj,76,أزواج
>ax,75,أخيه
lawolaA^,75,فلولا
mivol,75,مثله
n~abiY~,75,النبيين
>aHad,74,أحدهم
firoEawon,74,فرعون
xa`lid,74,خالدون
Ea`lamiyn,73,العالمين
jazaY`,73,تجزي
la`kin,73,ولكن
>aTaAEa,72,وأطعنا
>aliym,72,أليم
>awoHaY`^,72,نوحيه
wajoh,72,وجهه
<insa`n,71,أناس
>a$oraka,71,أشركوا
>aloqaY`^,71,تلقوا
Eamal,71,أعمالنا
bay~inap,71,البينات
A^xar,70,أخر
qaliyl,70,قليلا
qiya`map,70,القيامة
quro'aAn,70,القرآن
waEada,70,يعدكم
yawoma}i*,70,يومئذ
<iboraAhiym,69,إبراهيم
>anfaqa,68,ينفقون
Sa`liH,65,صالحا
bayot,65,البيت
gafara,65,نغفر
yamiyn,65,لأيمانكم
>aDal~a,64,يضل
>aHobabo,64,يحبونهم
>aSaAba,64,أصابتهم
>um~ap,64,أمة
A^baA',64,آبائك
kaviyr,63,كثيرا
maA^',63,ماء
taAba,63,فتاب
{bon,63,أبناءكم
S~a`liHa`t,62,الصالحات
kasaba,62,يكسبون
naz~ala,62,نزلنا
razaqa,61,رزقناهم
talaY`,61,تتلون
>aY~,60,أيهم
SaAdiq,59,صادقين
naSara,59,ينصرون
nisaA^',59,نساءكم
qaDaY`^,59,قضى
Sabara,58,نصبر
na*iyr,58,ونذيرا
Eayon,57,عينا
jarayo,57,تجري
la`kin~,57,ولكن
nahaAr,57,والنهار
qaroyap,57,القرية
r~aHoma`n,57,الرحمن
$adiyd,56,شديد
$ahiyd,56,شهداءكم
mas~a,56,تمسنا
walad,56,ولدا
>am~aA,55,فأما
Daraba,55,يضرب
rizoq,55,رزقا
>aqaAma,54,ويقيمون
nahar,54,الأنهار
qa`tala,54,وقاتلوا
Dal~a,53,ضل
jamiyE,53,جميعا
xaraja,53,فيخرج
>ajal,52,أجلهن
baEava,52,بعثناكم
mujorim,52,المجرمين
xaloq,52,خلق
>aHoyaA,51,فأحياكم
>aholaka,51,ويهلك
baSiyr,51,بصير
ta*ak~ara,51,يتذكرون
taHot,51,تحتها
Eaduw~,50,عدو
mawot,50,الموت
niEomap,50,نعمتي
suw^',50,سوء
{fotaraY`,50,يفترون
>aEolam,49,أعلم
Eaqalu,49,تعقلون
gayob,49,بالغيب
kataba,49,يكتبون
mut~aqiyn,49,للمتقين
waEod,49,وعده
zaAda,49,فزادهم
baSar,48,أبصارهم
daAr,48,دياركم
mulok,48,ملك
saAEap,48,الساعة
Zan~a,47,يظنون
samiyE,47,السميع
$akara,46,تشكرون
>abN,46,لأبيه
nab~a>a,46,أؤنبئكم
<iyma`n,45,إيمانكم
>uwliY,45,يا
Hakama,45,يحكم
Sira`T,45,الصراط
qadiyr,45,قدير
xabiyr,45,خبير
ya*ara,45,ويذرون
$ahida,44,تشهدون
>an*ara,44,أأنذرتهم
Hasiba,44,حسبتم
Sador,44,صدوركم
malakato,44,ملكت
mu$orik,44,المشركين
naAdaY`,44,فنادته
<isoraA}iyl,43,إسرائيل
Hamod,43,الحمد
nuwH,43,ونوحا
nuwr,43,بنورهم
>udoxila,42,وأدخل
jazaA^',42,جزاء
sab~aHa,42,نسبح
sala`m,42,السلام
sawof,42,فسوف
{sotaTaAEa,42,استطاعوا
Ea*~aba,41,ويعذب
Eal~ama,41,وعلم
Hamala,41,تحمله
baHor,41,البحر
fawoq,41,فوقها
suboHa`n,41,سبحانك
$ariyk,40,شركاء
>arayo,40,ويريكم
balaga,40,يبلغ
bi}osa,40,بئسما
kabiyr,40,كبير
taraka,40,وتركهم
tawak~alo,40,فليتوكل
wayol,40,فويل
xa$iYa,40,تخشوهم
{hotadaY`,40,تهتدون
{sotagofara,40,واستغفروا
{sotakobara,40,واستكبر
<i*on,39,بإذن
>alaA^,39,ألا
Har~ama,39,حرم
HisaAb,39,الحساب
jabal,39,جبل
musolim,39,مسلمين
m~aAta,39,تموتن
{som,39,بسم
Dala`l,38,ضلال
bu$~ira,38,وبشر
muHosin,38,المحسنين
m~aEoruwf,38,بالمعروف
m~ay~it,38,أمواتا
r~aDiYa,38,ترضى
*anb,37,بذنوبهم
Ha$ara,37,تحشرون
Sad~a,37,تصدون
ba$ar,37,بشر
faAsiq,37,الفاسقين
kufor,37,بكفرهم
m~usotaqiym,37,المستقيم
naj~aY`,37,نجيناكم
suloTa`n,37,سلطانا
yaHozun,37,يحزنون
*aAqu,36,فذوقوا
>aHosan,36,أحسن
rad~a,36,يردون
say~i_#aAt,36,سيئاتكم
*ahaba,35,ذهب
<ivom,35,بالإثم
>um~,35,أم
Hiyn,35,حين
bay~anu,35,يبين
mata`E,35,ومتاع
m~urosal,35,المرسلين
naSiyr,35,نصير
nasiYa,35,وتنسون
sajada,35,اسجدوا
{sotawaY`^,35,استوى
{xotalafa,35,يختلفون
'aAlaA^',34,آلاء
fitonap,34,فتنة
maroyam,34,مريم
{botagaY`,34,وابتغوا
$amos,33,بالشمس
HaraAm,33,الحرام
fariyq,33,فريق
ka*ib,33,الكذب
kal~aA,33,كلا
n~aEam,33,والأنعام
qaAma,33,قاموا
>aEoraDa,32,فأعرضوا
Ea`qibap,32,عاقبة
ka`*ib,32,الكاذبين
kafaY`,32,فسيكفيكهم
nahaY`,32,وينهون
xa`siriyn,32,الخاسرون
zakaw`p,32,الزكاة
<i*FA,31,إذا
>a$ad~,31,أشد
nafaEa,31,ينفعهم
wa`Hidap,31,واحدة
$ar~,30,شر
EasaY,30,وعسى
Hukom,30,والحكم
kariym,30,كريما
labiva,30,لبثت
mala>,30,الملإ
quw~ap,30,بقوة
saA^'a,30,تسؤهم
wa`Hid,30,واحد
wal~aY`,30,تولوا
>aboSara,29,يبصرون
Eahod,29,عهد
Earo$,29,عروشها
Hayov,29,حيث
jund,29,بالجنود
ka>an~,29,كأنهم
naba>,29,أنباء
rajul,29,رجلين
riyH,29,الرياح
*ur~iy~ap,28,ذريتي
>aSobaHa,28,فأصبحتم
>aSolaHa,28,وأصلحوا
>abadFA,28,أبدا
>agonato,28,تغني
>an~aY`,28,أنى
Hadiyv,28,حديثا
Hasanap,28,حسنة
kalimap,28,بكلمة
maSiyr,28,المصير
masojid,28,مساجد
m~agofirap,28,بالمغفرة
rijaAl,28,وللرجال
r~aHima,28,وارحمنا
siHor,28,السحر
{sotajaAba,28,فليستجيبوا
>afolaHa,27,تفلحون
EaSaA,27,عصوا
EafaA,27,عفونا
baAb,27,الباب
ga`fil,27,بغافل
ja`hada,27,وجاهدوا
kaAfir,27,كافر
luwT,27,ولوطا
muna`fiquwn,27,المنافقين
m~akaAn,27,مكان
qad~ama,27,قدمت
qamar,27,القمر
sawaA^',27,سواء
yuwsuf,27,ويوسف
'aAl,26,آل
>ajomaEiyn,26,أجمعين
ba`Til,26,بالباطل
jaHiym,26,الجحيم
kayod,26,كيدهم
maA*aA,26,ماذا
qariyb,26,قريب
vamuwd,26,ثمود
xawof,26,خوف
zay~ana,26,زين
{mora>at,26,وامرأتان
A^dam,25,آدم
EiysaY,25,عيسى
ba>os,25,البأس
baEiyd,25,بعيد
bagaY`,25,يبغون
ja`dalu,25,تجادل
junaAH,25,جناح
lisaAn,25,ألسنتهم
m~iyva`q,25,ميثاقه
qadara,25,يقدرون
xalaA,25,خلوا
ya$oEuru,25,يشعرون
<iy~aA,24,إياك
>akobar,24,أكبر
>unvaY`,24,والأنثى
EaAd2,24,عاد
Hay~,24,أحياء
TaA^}ifap,24,طائفة
TaEaAm,24,طعام
ganiY~,24,غني
kaAda,24,يكاد
liqaA^',24,بلقاء
tawaf~aY`,24,يتوفون
wakiyl,24,الوكيل
waraA^',24,وراءه
$aha`dap,23,شهادة
*aA,23,ذا
*ikoraY`,23,الذكرى
<im~aA,23,فإما
>a*ina,23,فأذنوا
>anjaY`,23,فأنجيناكم
Zuluma`t,23,ظلمات
bad~ala,23,فبدل
fatanu,23,يفتنكم
fulok,23,والفلك
laEana,23,لعنهم
misokiyn,23,والمساكين
qaron,23,قرن
saAjid,23,سجدا
saboE,23,سبع
yatiym,23,واليتامى
>a*aAqa,22,ويذيق
>asolama,22,أسلم
balaY`,22,بلى
bar~,22,الأبرار
duEaA^',22,دعاء
jamaEa,22,جمعناهم
jin~,22,الجن
ma>owaY`,22,ومأواهم
makara,22,ومكروا
m~u&omina`t,22,المؤمنات
naSor,22,نصر
rafaEa,22,ورفعنا
sa`Hir,22,لساحر
samoE,22,سمعهم
sax~ara,22,وسخر
say~i}ap,22,سيئة
wahaba,22,وهب
xalof,22,خلفها
yarojuwA@,22,يرجون
$aAhid,21,الشاهدين
$ahor,21,شهر
>aEomaY`,21,عمي
>aHosana,21,وأحسنوا
>amaAta,21,يميتكم
Hasan,21,حسنا
Tay~iba`t,21,طيبات
Zan~,21,ظن
kam,21,كم
katama,21,تكتمون
mufosid,21,المفسدون
m~a$a,21,مشوا
m~uka*~ibiyn,21,المكذبين
m~usam~FY,21,مسمى
naSiyb,21,نصيب
ruwH,21,بروح
waDaEa,21,وضعتها
{$otaraY`,21,اشتروا
{sotuhozi}a,21,يستهزئ
>aEad~a,20,أعدت
>aHal~a,20,أحل
>amina,20,أمنتم
>an$a>a,20,وأنشأنا
>aqosamu,20,أقسموا
Earafa,20,عرفوا
EiqaAb,20,العقاب
Hamiym,20,حميم
Haq~a,20,حق
Hikomap,20,والحكمة
Hizob,20,حزب
SaAbir,20,الصابرين
Zulom,20,ظلما
balawo,20,ولنبلونكم
ha`ruwn,20,هارون
kal~ama,20,يكلمنا
laday,20,لديهم
qaS~a,20,قصصناهم
saEaY`,20,وسعى
sabaqa,20,سبقكم
taEa`laY`,20,وتعالى
$ajarap,19,الشجرة
>aqorab,19,والأقربين
>ayon,19,فأينما
Dur~,19,بضر
Tayor,19,الطير
fawoz,19,الفوز
makor,19,مكر
mar~ap,19,مرتان
muSad~iq,19,مصدقا
m~uEoriDuwn,19,معرضون
nafaxa,19,فأنفخ
yaDur~a,19,يضرهم
yafoqahu,19,يفقهون
ziynap,19,زينتكم
{sotaEojala,19,تستعجلون
*akar,18,الذكر
*uk~ira,18,فتذكر
<ins,18,الإنس
>amosaka,18,فأمسكوهن
>asar~a,18,يسرون
>awofaY`,18,وأوفوا
>u*unN,18,آذانهم
>uEiydu,18,يعيده
>uxofiYa,18,تخفوها
EaAda,18,عاد
Ea`lim,18,عالم
daA^b~ap,18,دابة
darajap,18,درجة
dubur,18,الأدبار
l~adun,18,لدنك
mawolaY`,18,مولانا
munkar,18,المنكر
m~at~aEo,18,فأمتعه
niEoma,18,فنعما
ra>os,18,رءوسكم
rayob,18,ريب
tabay~ana,18,تبين
t~aworaY`p,18,التوراة
waf~aY`^,18,يوف
<isoHaAq,17,وإسحاق
>aHaATa,17,وأحاطت
>adoraY`,17,أدراكم
>ahowaA^',17,أهواءهم
>anoEama,17,أنعمت
>ugoriqu,17,وأغرقنا
Hamiyd,17,حميد
Hawol,17,حوله
HusonaY`,17,الحسنى
baTon,17,بطونهم
banaAt,17,وبناتكم
faD~ala,17,فضلتكم
faS~ala,17,نفصل
fa`Hi$ap,17,فاحشة
kariha,17,تكرهوا
m~uhotaduwn,17,مهتدين
naEiym,17,النعيم
qaA^}im,17,قائما
sulayoma`n,17,سليمان
ta>owiyl,17,تأويله
taqowaY,17,التقوى
turaAb,17,تراب
wad~a,17,يود
yatafak~aru,17,تتفكرون
{nqalaba,17,ينقلب
>aZolam,16,أظلم
>aloba`b,16,الألباب
>an[bata,16,تنبت
>atam~a,16,فأتمهن
>ufika,16,يؤفكون
Tay~ib,16,طيبا
basaTa,16,ويبسط
daAwud,16,داوود
fariHa,16,يفرحوا
fataHa,16,فتح
fu&aAd,16,أفئدتهم
haAjara,16,هاجروا
man~a,16,من
marojiE,16,مرجعكم
miyzaAn,16,والميزان
qad~ara,16,وقدره
qara>a,16,قرئ
qurobaY`,16,القربى
saAra,16,فسيروا
saEiyr,16,سعيرا
sun~ap,16,سنن
vamara`t,16,الثمرات
waqaY`,16,وقنا
xasira,16,خسر
yaEoquwb,16,ويعقوب
{ntahaY`,16,انتهوا
{sotamaEa,16,يستمع
$ak~,15,شك
$ariba,15,واشربوا
>afosadu,15,تفسدوا
>agonaY`,15,أغنى
>atobaEa,15,يتبعون
>ax~ara,15,أخرتنا
>uw*iYa,15,وأوذوا
Haliym,15,حليم
Haraj,15,حرجا
Sabor,15,بالصبر
Sadaqa,15,صدقوا
SanaEu,15,يصنعون
Zahor,15,ظهورهم
bala`g,15,البلاغ
bu$oraY`,15,وبشرى
galabu,15,غلبت
gar~a,15,وغرهم
kul~amaA,15,كلما
malik,15,ملكا
mil~ap,15,ملتهم
mun*ir,15,ومنذرين
musorif,15,لمسرفون
naSoraAniy~,15,والنصارى
qisoT,15,بالقسط
rijol,15,وأرجلكم
sakana,15,اسكن
tanziyl,15,تنزيلا
waEaZo,15,يعظكم
yasiyr,15,يسيرا
yubodiYa,15,تبدون
{EotadaY`,15,يعتدون
$aAkir,14,شاكر
<i*aA2,14,إذا
>aEotadato,14,أعتدنا
>alof,14,ألف
>amiyn,14,أمين
>avar,14,آثارهم
>axolafu,14,يخلف
>uxot,14,أخت
DaA^l~,14,الضالين
Eadala,14,تعدلوا
Eadol,14,عدل
Halalo,14,يحل
Huduwd,14,حدود
Sarafa,14,صرفكم
Sidoq,14,صدقهم
Zil~,14,ظلا
balad,14,بلدا
gaDab,14,بغضب
ka$afa,14,فيكشف
kaf~ara,14,ويكفر
kalima`t,14,كلمات
laEonap,14,فلعنة
laqu,14,لقوا
layot,14,يا
madiynap,14,المدينة
maqaAm,14,مقام
m~uhiyn,14,مهين
nakaHa,14,تنكحوا
qaAdir,14,قادر
waAlid,14,وبالوالدين
xaA$iE,14,الخاشعين
{botigaA^',14,ابتغاء
$afa`Eap,13,شفاعة
>aToEama,13,تطعمون
>abaY,13,أبى
>asomaEa,13,لأسمعهم
Ha`fiZ,13,والحافظون
Harov,13,الحرث
Huson,13,حسنا
SayoHap,13,الصيحة
bagotap,13,بغتة
ga$iya,13,يغشى
gaAlib,13,غالب
gula`m,13,غلام
jamoE,13,الجمعان
mad~a,13,ويمدهم
mak~a,13,مكناهم
mavowFY,13,مثوى
mufoliHuwn,13,المفلحون
m~araD,13,مرض
n~ajom,13,النجوم
qitaAl,13,القتال
riDowa`n,13,ورضوان
saw~aY`,13,فسواهن
tarab~aSo,13,يتربصن
vala`vap,13,ثلاثة
vawaAb,13,ثواب
wariva,13,وورثه
yaSifu,13,يصفون
yaSolaY,13,وسيصلون
zaEama,13,يزعمون
{vonayon,13,اثني
<iHosa`n,12,إحسانا
<imaAm,12,إماما
<injiyl,12,والإنجيل
<isomaAEiyl,12,وإسماعيل
>aEolan,12,يعلنون
>aSam~,12,صم
>adonaY`,12,أدنى
>afowa`h,12,أفواههم
>aroHaAm,12,أرحامهن
>aworava,12,أورثتموها
>axozayo,12,أخزيته
Ea`mil,12,العاملين
HaA^j~a,12,ليحاجوكم
HabiTa,12,حبطت
HafiyZ,12,حفيظا
Halafo,12,يحلفون
Haniyf,12,حنيفا
Sal~aY`,12,يصلي
TagaY`,12,تطغوا
Tiyn,12,الطين
bada>a,12,بدأكم
bariY^',12,بريئا
faqiyr,12,الفقراء
fatoH,12,فتح
jaHadu,12,يجحدون
kafuwr,12,كفور
laHom,12,ولحم
masokan,12,ومساكن
muEojiz,12,بمعجزين
m~anaEa,12,منع
m~awoEid,12,موعده
n~uTofap,12,نطفة
qaEada,12,وقعدوا
qaT~aEa,12,تقطع
quTiEa,12,ويقطعون
salaka,12,نسلكه
saqaY`,12,تسقي
siniyn,12,بالسنين
tadoriY,12,تدرون
taw~aAb,12,التواب
waqaEa,12,وقع
wizor,12,أوزارهم
xa`liq,12,خالق
xar~a,12,وخر
yaHo*aru,12,فاحذروه
yunZaru,12,ينظرون
yuwqinu,12,يوقنون
zak~aY`,12,ويزكيهم
{SoTafaY`,12,اصطفيناه
{sota_#o*ana,12,يستأذنك
$araAb,11,وشرابك
$iyEap,11,شيعا
$uEayob,11,شعيبا
<iHodaY,11,إحداهما
<iboliys,11,إبليس
>a*ohaba,11,يذهبكم
>aEojaba,11,يعجبك
>anaAba,11,أنيب
>awolaY`,11,أولى
DiEof,11,أضعافا
EaAbid,11,عابدون
Ea`hada,11,عاهدوا
Eadon,11,عدن
Ealiy~,11,العلي
EaraDa,11,عرضهم
Earabiy~,11,عربيا
Eid~ap,11,فعدة
Einab,11,وأعناب
Eiz~ap,11,العزة
Hasob,11,فحسبه
TabaEa,11,طبع
badaA,11,بدت
bagoy,11,بغيا
banaY`,11,بنوا
fa`kihap,11,فاكهة
fasaAd,11,الفساد
haAdu,11,هادوا
hawaA^',11,الهوى
huzuw,11,هزوا
ka*aba,11,يكذبون
kaviyrap,11,كثيرة
labaso,11,تلبسوا
ma$oriq,11,المشرق
majonuwn,11,لمجنون
masiyH,11,المسيح
muxoliS,11,مخلصون
m~aEoluwm,11,معلوم
naASir,11,ناصرين
nafoE,11,نفعهما
najowaY`^,11,نجواهم
naxol,11,النخل
qadar,11,قدره
qawiY~,11,قوي
ra'uwf,11,لرءوف
saxira,11,ويسخرون
sir~,11,سرا
tamat~aEa,11,تمتع
vaman,11,ثمنا
waS~aY`,11,ووصى
xizoY,11,خزي
yanaAlu,11,ينال
yaqorabu,11,تقربا
yas~ara,11,يسرناه
$afiyE,10,شفيع
$akuwr,10,شكور
'aAminiyn,10,آمنين
>aDaAEu,10,ليضيع
>aEoraAb,10,الأعراب
>aHaq~,10,أحق
>aHoSaY`,10,تحصوها
>amad~a,10,يمدكم
Dar~,10,ضرا
Ea$iY~,10,بالعشي
EaSaA2,10,بعصاك
Eijol,10,العجل
Eu*o,10,أعوذ
HaAqa,10,فحاق
HijaArap,10,والحجارة
SaAHib,10,والصاحب
Sad~aqa,10,يصدقني
Sar~afo,10,نصرف
S~uwr,10,الصور
Tal~aqa,10,طلقها
Tuwr,10,الطور
Zahara,10,ظهر
baxila,10,يبخلون
dam,10,الدماء
faTara,10,فطر
fasaqa,10,يفسقون
fi}ap,10,فئة
jaAhil,10,الجاهلين
jab~aAr,10,جبارين
jin~ap,10,جنة
kaY,10,لكيلا
kayol,10,الكيل
lahow,10,ولهو
libaAs,10,لباس
madoyan,10,مدين
magorib,10,والمغرب
mar~a,10,مر
miA}ap,10,مائة
musotaqar~,10,مستقر
m~ariyD,10,مريضا
m~uHoDar,10,محضرا
m~uSiybap,10,مصيبة
m~uqiym,10,والمقيمين
m~uxotalif,10,مختلفا
naba*a,10,نبذه
nazaEa,10,وتنزع
qatol,10,القتل
rawa`siY,10,رواسي
rijos,10,رجس
saEoy,10,سعيا
sariyE,10,سريع
suwrap,10,بسورة
taqab~ala,10,تقبل
vab~ato,10,وثبت
wa`liday,10,ولوالدي
xayora`t,10,الخيرات
yaSilu,10,يوصل
yuwliju,10,تولج
zaroE,10,والزرع
{jotabaY`,10,يجتبي
{sotaqa`mu,10,استقاموا
'aAwaY`^,9,فآواكم
<ifok,9,بالإفك
>a*FY,9,أذى
>aDal~,9,وأضل
>aEolaY`,9,الأعلى
>amolaY`,9,نملي
>aqobala,9,وأقبلوا
>arobaEap,9,أربعة
>asa`Tiyr,9,أساطير
>ay~ada,9,وأيدناه
A^tiy,9,لآت
Dala`lap,9,الضلالة
Dar~aA^',9,والضراء
EaAm,9,عام
EibaAdat,9,عبادته
Eiwaj,9,عوجا
Eunuq,9,الأعناق
Haj~,9,والحج
Hub~,9,كحب
Sa`liH2,9,صالحا
SiyaAm,9,الصيام
Tah~ara,9,طهرا
Tay~ibap,9,طيبة
Tugoya`n,9,طغيانهم
Zal~a,9,فظلوا
ba$iyr,9,بشيرا
faAEil,9,فاعلين
faSol,9,الفصل
faraDa,9,فرض
far~aqu,9,يفرقون
galiyZ,9,غليظ
gil~,9,غل
guruwr,9,الغرور
hunaAlik,9,هنالك
jaAnib,9,جانب
juluwd,9,جلودهم
lagow,9,باللغو
lawon,9,لونها
ma_#aAb,9,المآب
mataY`,9,متى
muHiyT,9,محيط
muba$~ir,9,مبشرين
muxolaS,9,المخلصين
m~aboEuwvuwn,9,بمبعوثين
m~awoEiZap,9,وموعظة
nabaAt,9,نباتا
qa*afa,9,اقذفيه
qaraAr,9,قرار
rakiba,9,اركبوا
ramaY`,9,يرم
raqabap,9,الرقاب
rijoz,9,رجزا
saHaAb,9,والسحاب
sabab,9,الأسباب
sawo',9,السوء
ta*okirap,9,تذكرة
tabaAraka,9,تبارك
tabiEa,9,تبع
tija`rap,9,تجارتهم
wa`siE,9,واسع
walada,9,أألد
xaADu,9,يخوضوا
xabiyv,9,الخبيث
xaliyfap,9,خليفة
yahuwdiy~,9,اليهود
yaloEabo,9,يلعبون
yanTiqu,9,ينطقون
yaqobalu,9,يقبل
yasotaHoYi.^,9,يستحيي
yatasaA^'alu,9,تساءلون
yu&aAxi*u,9,يؤاخذكم
yuDa`Eifu,9,فيضاعفه
yusa`riEu,9,ويسارعون
{Toma>an~a,9,ليطمئن
{jotanabu,9,تجتنبوا
{nTalaqa,9,فانطلقا
{rotaAba,9,ترتابوا
$~imaAl,8,الشمال
*ahab,8,الذهب
<isola`m,8,الإسلام
>a$ud~,8,أشده
>aEoTaY`,8,يعطوا
>aZohara,8,ليظهره
>aboyaD,8,الأبيض
>agowayo,8,أغويتني
>asoqayo,8,فأسقيناكموه
>ujiybat,8,أجيب
DaEiyf,8,ضعفاء
Eajibu,8,أوعجبتم
Eaqib,8,عقبيه
Eudowa`n,8,والعدوان
SaAEiqap,8,الصواعق
Sadaqa`t,8,صدقاتكم
Sawot,8,بصوتك
SuHuf,8,الصحف
TaAfa,8,يطاف
T~a`guwt,8,بالطاغوت
Za`hir,8,ظاهر
_#a`n,8,الآن
ba`raka,8,باركنا
bir~,8,بالبر
buroha`n,8,برهانكم
dam~ara,8,ودمرنا
faroj,8,فرجها
ham~a,8,همت
hawaY`,8,تهوى
jadiyd,8,جديد
janb,8,جنوبهم
kabura,8,يكبروا
kaf~a,8,كفوا
kiydu,8,كيدون
laEib,8,ولعبا
layolap,8,ليلة
mana`fiE,8,ومنافع
mivoqaAl,8,مثقال
miyqa`t,8,مواقيت
mu$ofiquwn,8,مشفقين
muHoSana`t,8,والمحصنات
mubaArak,8,مباركا
mudobir,8,مدبرين
muqar~abuwn,8,المقربين
mut~aki_#iyn,8,متكئين
m~awad~ap,8,مودة
nafara,8,فانفروا
nuzul,8,نزلا
qaAnit,8,قانتون
qadam,8,أقدامنا
qariyn,8,قرينا
raAkiE,8,الراكعين
ra`wadu,8,وراودته
sam~aY`,8,سميتها
taEaAla,8,تعالوا
tafar~aqa,8,تفرقوا
tazak~aY`,8,تزكى
vala`v,8,ثلاثين
viyaAb,8,ثيابهم
waSiy~ap,8,الوصية
xa$oyap,8,خشية
xaTiy^_#ap,8,خطاياكم
xaf~afa,8,يخفف
xasafa,8,يخسف
xazaA^}in,8,خزائن
xila`l,8,خلالكم
yaTomaEu,8,أفتطمعون
yahobiTu,8,اهبطوا
yam~,8,اليم
yantaZiru,8,انتظروا
yaqiyn,8,يقينا
ya}isa,8,يئس
zaAlat,8,يزالون
{$otahato,8,يشتهون
{botalaY`^,8,ابتلى
{rotad~a,8,يرتدد
{sotaDoEafu,8,استضعفوا
{xotaSamu,8,يختصمون
{zodaAdu,8,ازدادوا
$aA^q~u,7,يشاقق
$ajar,7,شجر
$iqaAq,7,شقاق
*il~ap,7,الذلة
<iSola`H,7,إصلاح
<ixowapN,7,إخوة
>a$ohada,7,ويشهد
>aSiyl,7,والآصال
>abawaAn,7,ولأبويه
>aboqaY`^,7,وأبقى
>afaADa,7,أفضتم
>ahodaY`,7,أهدى
>ansaY`,7,ننسها
>arobaE,7,أربعين
>aviym,7,أثيم
>ukul,7,أكلها
>umoTirato,7,وأمطرنا
DaAqa,7,وضاقت
DaHikato,7,فليضحكوا
Ea$or,7,وعشرا
EaAkif,7,والعاكفين
Ead~a,7,تعدوا
EamiYa,7,فعموا
Eumur,7,عمرا
HaDara,7,حضر
HaY~a,7,تحيون
HaZ~,7,حظا
Habol,7,بحبل
Hab~,7,الحب
HafiZa,7,حفظ
Hamol,7,حملا
Hasorap,7,حسرات
HijaAb,7,حجاب
Huj~ap,7,حجة
Saf~,7,صفا
T~alaEa,7,تطلع
baSiyrap,7,بصائر
bayoE,7,بيع
buEod,7,بعدا
bukorap,7,بكرة
bunoya`n,7,بنيانه
daAmu,7,دمت
dal~a,7,فدلاهما
faHo$aA^',7,والفحشاء
furoqaAn,7,والفرقان
ga`biriyn,7,الغابرين
haAd,7,هاد
hadoy,7,الهدي
huwd,7,هودا
jaA^n~,7,والجان
jahor,7,الجهر
jamiyl,7,جميل
janaAH,7,بجناحيه
ka>ay~in,7,وكأين
ka`rihuwn,7,كارهين
kabiyrap,7,لكبيرة
kuboraY`,7,الكبرى
laTiyf,7,اللطيف
mafoEuwl,7,مفعولا
miha`d,7,المهاد
muhaAjir,7,مهاجرا
muriyb,7,مريب
mutakab~ir,7,المتكبرين
m~aTar,7,مطر
m~uniyb,7,منيب
naAqap,7,ناقة
niSof,7,فنصف
n~axiyl,7,نخيل
qaAEid,7,القاعدون
qador,7,قدره
qibolap,7,قبلتهم
r~ibaw`A,7,الربا
r~u'oyaA,7,رؤياك
saA^}il,7,والسائلين
saAbiq,7,والسابقون
safar,7,سفر
safiyh,7,السفهاء
sanap,7,سنة
sit~ap,7,ستة
siyqa,7,سقناه
tabodiyl,7,تبديل
tana`zaEu,7,وتنازعتم
tanaz~alato,7,نتنزل
tawobap,7,توبتهم
waAd,7,بواد
waAriv,7,الوارث
waliyd,7,والولدان
yaEomahu,7,يعمهون
yasotabo$iru,7,ويستبشرون
yaziru,7,يزرون
yukal~ifu,7,تكلف
yunqaSu,7,ينقصوكم
yusor,7,اليسر
zakariy~aA,7,زكريا
zubur,7,والزبر
{DoTur~a,7,أضطره
{Eotazala,7,فاعتزلوا
{fotadaY`,7,افتدت
{lotaqaY,7,التقتا
{ntaSara,7,ينتصرون
{vonatayon,7,اثنتا
{xotila`f,7,واختلاف
$adado,6,واشدد
'aAmin,6,آمنا
*ara>a,6,ذرأ
*ar~ap,6,ذرة
<ixoraAj,6,إخراجهم
>abokam,6,بكم
>adoraka,6,يدرككم
>andaAd,6,أندادا
>aqoraDu,6,يقرض
>asofal,6,الأسفل
>asoraY`,6,فأسر
>asorafa,6,تسرفوا
>aw~aAb,6,للأوابين
>axo*,6,وأخذهم
>ay~aAn,6,أيان
>umoniy~at,6,أماني
>um~iY~,6,أميون
>unvayayon,6,الأنثيين
DuHFY,6,ضحى
EaAd,6,عاد
EaAqaba,6,عاقبتم
Eada`wap,6,العداوة
Eadad,6,عدد
Eahida,6,وعهدنا
EaraD,6,عرض
Eiborap,6,لعبرة
EuqobaY,6,عقبى
Hadiyd,6,حديدا
Hala`l,6,حلالا
Hulum,6,أحلام
Ta`giyn,6,طاغين
Tarof,6,طرفهم
Za`haru,6,يظاهروا
Zahiyr,6,ظهيرا
Zul~ap,6,ظلل
baA^'a,6,وباءوا
baAyaEo,6,بايعتم
baEol,6,وبعولتهن
ba`lig,6,بالغ
balaA^',6,بلاء
bal~ago,6,بلغ
baw~a>a,6,تبوئ
buhota`n,6,بهتانا
daEowap,6,دعوة
faATir,6,فاطر
fajor,6,الفجر
fariH,6,فرحين
fariyDap,6,فريضة
far~ato,6,ففررت
fiD~ap,6,والفضة
fuj~irato,6,فتفجر
gaDiba,6,وغضب
ga`wiyn,6,الغاوين
gam~,6,غما
gayoZ,6,الغيظ
ha`ma`n,6,وهامان
jaAEil,6,جاعل
ka>os,6,بكأس
kaAtib,6,كاتب
kahof,6,الكهف
kanz,6,كنز
kar~ap,6,كرة
kibar,6,الكبر
laq~aY`,6,ويلقون
lu&olu&,6,ولؤلؤا
l~aEal~,6,لعلي
man~,6,المن
maqot,6,ومقتا
marad~,6,مرد
mawoj,6,الموج
mayotap,6,الميتة
muEotadiyn,6,المعتدين
muli}ato,6,لأملأن
munZaruwn,6,المنظرين
muntaZiruwn,6,منتظرون
musotakobir,6,مستكبرون
muta$a`bih,6,متشابها
m~aEoduwdap,6,معدودة
m~iyEaAd,6,الميعاد
m~u&ominap,6,مؤمنة
m~ud~akir,6,مدكر
m~uniyr,6,المنير
naASiH,6,الناصحين
naqaDato,6,ينقضون
nazala,6,نزل
n~akava,6,ينكثون
qaSaS,6,القصص
qabor,6,قبره
qah~aAr,6,القهار
qal~abu,6,ونقلب
qamiyS,6,قميصه
qaroD,6,قرضا
rajiym,6,الرجيم
risa`la`t,6,رسالات
ru$od,6,الرشد
r~a`Himiyn,6,الراحمين
r~a`ziqiyn,6,الرازقين
saEap,6,سعة
sakiynap,6,سكينة
sal~ama,6,سلمتم
siyma`,6,بسيماهم
surur,6,سرر
s~abot,6,السبت
s~ijon,6,السجن
s~ujuwd,6,السجود
taHiy~ap,6,بتحية
taSad~aqa,6,تصدقوا
vuqifu,6,ثقفتموهم
v~aqalaAn,6,أثقالكم
v~uluv,6,ثلثا
waAqiE,6,واقع
waEiyd,6,وعيد
waHoY,6,ووحينا
waHod,6,وحده
waqor,6,وقرا
wasiEa,6,وسع
xala`q,6,خلاق
xamor,6,الخمر
xila`f,6,خلاف
xiyfap,6,وخيفة
xulod,6,الخلد
yaSofaHu,6,واصفحوا
yan[bagiY,6,ينبغي
yasota>oxiru,6,يستأخرون
yasotafotu,6,ويستفتونك
yataman~a,6,فتمنوا
yaxofaY`,6,يخفى
yujiyru,6,فأجره
zaAga,6,يزيغ
{ntaqamo,6,فينتقم
{sotamotaEa,6,استمتعتم
$aAEir,5,شاعر
$aTor,5,شطر
$araHa,5,يشرح
$irok,5,الشرك
$uH~,5,الشح
$~a`ribiyn,5,للشاربين
'aAnasa,5,آنستم
*ubiHa,5,تذبحوا
>aHoSanato,5,أحصن
>aSonaAm,5,أصناما
>abolagu,5,أبلغتكم
>ajoramu,5,أجرموا
>al~afa,5,فألف
>amon,5,وأمنا
>araA^}ik,5,الأرائك
>aroDaEato,5,أرضعنكم
>asaA^'a,5,أسأتم
>asaAwir,5,أساور
>asobaAT,5,والأسباط
>asokan,5,ولنسكننكم
>avaAru,5,تثير
>awaY,5,سآوي
>awoSa`,5,يوصيكم
>awoqadu,5,أوقدوا
>ukoriha,5,تكره
A^vara,5,آثرك
Dayof,5,ضيفي
EaTaA^',5,عطاء
Eafuw~,5,عفوا
Eajab,5,عجبا
Eajila,5,أعجلتم
Eaj~ala,5,يعجل
Ealaqap,5,علقة
Eaqara,5,فعقروا
Eata,5,وعتوا
Eazom,5,عزم
Eusor,5,العسر
Ha`kimiyn,5,الحاكمين
Hab~ap,5,حبة
Hariyq,5,الحريق
HawaAriy~uwn,5,الحواريون
Hijor,5,حجر
Hil~,5,حلا
HimaAr,5,حمارك
Hum~ila,5,تحملنا
Huwt,5,حيتانهم
Sa`giruwn,5,الصاغرين
Sadaqap,5,صدقة
Sayod,5,الصيد
Sid~iyq,5,والصديقين
SuboH,5,الصبح
TaEimu,5,يطعمه
Ta`^}ir,5,طائر
Taraf,5,طرفا
Tariyqap,5,بطريقتكم
Tumisato,5,نطمس
Zal~a`m,5,بظلام
baTa$o,5,يبطشون
bagoDaA^',5,البغضاء
bakato,5,وليبكوا
balodap,5,بلدة
baraza,5,برزوا
baroq,5,وبرق
bav~a,5,وبث
biDa`Eap,5,بضاعة
dafaEo,5,ادفعوا
darasu,5,تدرسون
dayon,5,بدين
faSala,5,فصل
faraqo,5,فرقنا
far~aT,5,فرطنا
fawoj,5,فوجا
gad,5,غدا
gafolap,5,غفلة
gaf~aAr,5,لغفار
gal~a,5,يغل
guduw~,5,بالغدو
gurofap,5,غرفة
halaka,5,هلك
ja`vimiyn,5,جاثمين
jahara,5,جهر
jahod,5,جهد
jaram,5,جرم
ka*~aAb,5,كذاب
kaA^f~ap,5,كافة
kaf~aAr,5,كفار
kalob,5,الكلب
karoh,5,وكرها
kawokab,5,كوكبا
lawoH,5,الألواح
maE2,5,معكم
mahod,5,المهد
makaAnat,5,مكانتكم
maluwm,5,ملوما
maroDaAt,5,مرضات
maso_#uwl,5,مسئولا
miSor,5,مصرا
miroyap,5,مرية
muSobiHiyn,5,مصبحين
muSoliH,5,مصلحون
muboTiluwn,5,المبطلون
muholik,5,مهلك
mun*ariyn,5,المنذرين
muna`fiqa`t,5,والمنافقات
munziliyn,5,المنزلين
mutorafiyn,5,مترفيها
muxoraj,5,بمخرجين
m~aHiyS,5,محيصا
m~ayot,5,ميتا
m~uTah~arap,5,مطهرة
m~ukoramuwn,5,مكرمون
m~usotaDoEafuwn,5,والمستضعفين
m~uwqiniyn,5,الموقنين
naSaHu,5,وأنصح
na`Ziriyn,5,الناظرين
na`dimiyn,5,النادمين
nikaAH,5,النكاح
nu$uwr,5,نشورا
nufuwr,5,نفورا
n~ubuw~ap,5,والنبوة
qaA^}il,5,قائل
qaA^}imap,5,قائمة
qaAriEap,5,قارعة
qabaDo,5,يقبض
qar~aba,5,قربا
qay~im,5,القيم
ra$ad,5,رشدا
rajamo,5,لرجمناك
raqiyb,5,رقيبا
ruEob,5,الرعب
salafa,5,سلف
salam,5,السلم
sawiy~,5,سويا
sawo'a`t,5,سوآتهما
suy~irato,5,يسيركم
taEova,5,تعثوا
taHoriyr,5,فتحرير
taTah~aro,5,تطهرن
tabar~a>a,5,تبرأ
tafoSiyl,5,وتفصيلا
taqal~ub,5,تقلب
taqar~a,5,وقري
taqodiyr,5,تقدير
tawaASa,5,أتواصوا
tisoE,5,تسع
t~aqaT~aEa,5,وتقطعت
vamar,5,ثمره
vaqiyl,5,ثقالا
waAzirap,5,وازرة
wahana,5,تهنوا
wusoE,5,وسعها
xaAliSap,5,خالصة
xaAnu,5,تخونوا
xaAwiyap,5,خاوية
xaSiym,5,الخصام
xaTob,5,خطبكن
xa`Ti_#iyn,5,الخاطئين
xalafa,5,اخلفني
xatama,5,ختم
xayol,5,والخيل
xinziyr,5,الخنزير
xuDor,5,خضر
xuTuwa`t,5,خطوات
xuruwj,5,الخروج
ya$ofaEu,5,يشفع
yaEoruju,5,يعرجون
yaEota*iru,5,تعتذروا
yaHoyaY`,5,بيحيى
yaboxaso,5,يبخس
yajohalu,5,يجهلون
yamotaru,5,تمترون
yarohaqu,5,يرهق
yarokaEu,5,واركعوا
yu&ad~i,5,فليؤد
yuEam~aru,5,يعمر
yufotiy,5,يفتيكم
zuw~ijato,5,زوجناكها
z~ayotuwn,5,والزيتون
{EotaSamu,5,يعتصم
{hojuro,5,واهجروهن
{kotasaba,5,اكتسبت
{ll~ahum~a,5,اللهم
{mori},5,امرئ
{n$aq~a,5,وتنشق
{qotaraba,5,اقترب
{sotabaqa,5,فاستبقوا
{sotaxolafa,5,ويستخلف
$a>on,4,شأن
$aEa`^}ir,4,شعائر
$aqiy~,4,شقي
$aqu,4,شقوا
$ara,4,شروا
$ayox,4,شيخا
$ifaA^',4,وشفاء
$ihaAb,4,شهاب
*ur~iy~a`t,4,وذرياتهم
<isotaboraq,4,وإستبرق
>a*il~ap,4,أذلة
>aHobaAr,4,والأحبار
>aHobaTa,4,فأحبط
>aSar~u,4,يصروا
>aTohar,4,وأطهر
>adobara,4,أدبر
>ajomaEu,4,فأجمعوا
>akin~ap,4,أكنة
>akol,4,وأكلهم
>akorama,4,أكرمي
>akowaAb,4,وأكواب
>aloHaqo,4,وألحقني
>alohaY`,4,ويلههم
>ama`na`t,4,الأمانات
>amad,4,أمدا
>amos,4,بالأمس
>an[ba>a,4,أنبئوني
>anqa*a,4,فأنقذكم
>aqoraro,4,أقررتم
>aqowam,4,وأقوم
>aro*al,4,أراذلنا
>aroHam,4,أرحم
>asiyr,4,أسارى
>asoliHat,4,أسلحتهم
>axosariyn,4,الأخسرون
>ayokap,4,الأيكة
>ay~uwb,4,وأيوب
>azokaY`,4,أزكى
>uSoliy,4,نصليه
>ugo$iyato,4,يغشي
>uhil~a,4,أهل
>uwlaA^',4,أولاء
>uzolifato,4,وأزلفنا
DaEof,4,ضعفا
Ea$ar,4,عشر
EaAliy,4,عاليها
Eajuwz,4,عجوز
EalaAniyap,4,وعلانية
Eal~a`m,4,علام
Eamaru,4,يعمروا
Eaniyd,4,عنيد
Eaqiym,4,عقيم
EaroD,4,عرضها
Eaworap,4,عورات
Eazama,4,عزموا
Eiyn,4,عين
EuSobap,4,عصبة
Euluw~,4,علوا
Euqodap,4,عقدة
HaASib,4,حاصبا
HaSiyd,4,حصيدا
Harob,4,بحرب
Hasiyb,4,حسيبا
Hay~a,4,حييتم
Hiloyap,4,حلية
Hul~u,4,يحلون
Huwr,4,بحور
SaEiyd,4,صعيدا
Sa`Hibap,4,صاحبة
Sab~a,4,يصب
Sab~aAr,4,صبار
Sadafa,4,يصدفون
SaloSa`l,4,صلصال
SaroH,4,الصرح
Saw~ara,4,يصوركم
TaA^}if,4,للطائفين
Tabaq,4,طباقا
TaloE,4,طلعها
TamaE,4,وطمعا
Tariyq,4,طريقا
TawoE,4,طوعا
Tifol,4,طفلا
ZaAlimap,4,ظالمة
ba>osaA^',4,البأساء
baAl,4,بال
baEov,4,البعث
ba`siT,4,بباسط
baqarap,4,بقرة
bay~ata,4,بيت
buruwj,4,بروج
da>ob,4,كدأب
daAEiY,4,الداعي
daAbir,4,دابر
daEowaY`,4,دعواهم
da`xiruwn,4,داخرون
fa$ilo,4,تفشلا
faA^}izuwn,4,الفائزون
faxuwr,4,فخورا
firaAr,4,فرارا
fuj~aAr,4,كالفجار
fusuwq,4,فسوق
gama`m,4,الغمام
gay~,4,الغي
guyuwb,4,الغيوب
haAtu,4,هاتوا
haniy^_#,4,هنيئا
hunaA,4,هاهنا
huwn,4,الهون
jaAwaza,4,جاوزه
jaha`lap,4,بجهالة
jasad,4,جسدا
jawaAb,4,جواب
jihaAd,4,وجهاد
junub,4,الجنب
juwE,4,والجوع
kab~iro,4,ولتكبروا
kaf~a`rap,4,كفارة
kala`m,4,كلام
kalim,4,الكلم
karob,4,كرب
kifol,4,كفل
kisaf,4,كسفا
lamasu,4,لامستم
maDaY`,4,مضت
maHoruwm,4,والمحروم
magaAnim,4,مغانم
makava,4,فيمكث
malakuwt,4,ملكوت
mamonuwn,4,ممنون
manaAm,4,منامك
mansak,4,مناسكنا
maqoEad,4,مقاعد
maro',4,المرء
miHoraAb,4,المحراب
miSobaAH,4,مصباح
muEa*~abiyn,4,بمعذبين
muEa*~ib,4,معذبهم
muHam~ad,4,محمد
muHar~am,4,محرم
muboSir,4,مبصرون
mubolisuwn,4,مبلسون
muja`hidiyn,4,والمجاهدون
mumotariyn,4,الممترين
murosil,4,مرسلين
mutawak~iluwn,4,المتوكلين
muxal~afuwn,4,المخلفون
m~aEiyn,4,ومعين
m~ahiyn,4,مهين
m~ajiyd,4,مجيد
m~akiyn,4,مكين
m~akonuwn,4,مكنون
m~asoHuwr,4,مسحورون
m~uba`rakap,4,مباركة
m~ugoraquwn,4,مغرقون
m~ula`quwA,4,ملاقو
m~untaSir,4,منتصرا
m~uqotadir,4,مقتدرا
m~utaqa`biliyn,4,متقابلين
na*aro,4,نذرتم
naEam,4,نعم
naEojap,4,نعجة
naSab,4,نصب
nafida,4,ينفد
nakiyr,4,نكير
naqamu,4,تنقمون
n~azaga,4,ينزغنك
qaSor,4,قصورا
qa`ruwn,4,قارون
qaf~ayo,4,وقفينا
qalam,4,أقلامهم
qanaTu,4,يقنط
qiSaAS,4,القصاص
qibal,4,قبل
qiyl,4,قيلا
quEuwd,4,وقعودا
qudus,4,القدس
qud~a,4,وقدت
qut~ilu,4,يقتلوا
raADiyap,4,راضية
ra`jiEuwn,4,راجعون
rabato,4,وربت
risaAlap,4,رسالته
r~ajofap,4,الرجفة
saAq,4,ساقيها
saboEap,4,وسبعة
sad~,4,السدين
safiynap,4,السفينة
sam~a`Euwn,4,سماعون
saqar,4,سقر
saqof,4,السقف
saraqa,4,يسرق
saw~ala,4,سولت
say~i},4,سيئا
siraAj,4,سراجا
s~uwq,4,الأسواق
ta$a`baha,4,تشابه
ta>osa,4,تأس
talaq~aY`^,4,فتلقى
tamaAra,4,يمارون
tam~a,4,وتمت
tana`jayo,4,ويتناجون
taqiy~,4,تقاته
vama`niyap,4,ثمانية
vam~,4,فثم
vaqulato,4,ثقلت
vubuwr,4,ثبورا
wa`Eado,4,واعدنا
wa`siEap,4,واسعة
wabaAl,4,وبال
waquwd,4,وقودها
wasowasa,4,فوسوس
"wu,riYa",4,يواري
xaAba,4,وخاب
xabiyvap,4,الخبائث
xaliyl,4,خليلا
xaraqa,4,وخرقوا
xazanat,4,خزنتها
yadora&uA@,4,فادرءوا
yaguD~u,4,يغضوا
yanoHitu,4,وتنحتون
yarogabu,4,يرغب
yasotaEotibu,4,يستعتبون
yasotaqodimu,4,يستقدمون
yasuwmu,4,يسومونكم
yatabaw~a>u,4,تبوآ
yatadab~aru,4,يتدبرون
yatakal~amu,4,تكلم
yaxoruSu,4,يخرصون
yuEojiza,4,يعجزون
yuHaAfiZu,4,حافظوا
yuHar~ifu,4,يحرفونه
yuHiq~a,4,يحق
yuSal~abu,4,يصلبوا
yuboTila,4,تبطلوا
yudab~iru,4,يدبر
yugay~iru,4,فليغيرن
yuwnus,4,ويونس
yuxaw~ifu,4,يخوف
zulofaY`^,4,زلفى
zuxoruf,4,زخرف
z~uwr,4,الزور
{hotaz~ato,4,اهتزت
{l~a`^_#iY,4,اللائي
{ntiqaAm,4,انتقام
{qotarafo,4,وليقترفوا
{qotatala,4,اقتتل
{rotaqibo,4,وارتقبوا
{sotaEi*o,4,فاستعذ
{sotaEiynu,4,نستعين
{sotaHab~u,4,استحبوا
{sotaga`va,4,تستغيثون
{sotagonaY`,4,واستغنى
{sotaxoraja,4,استخرجها
{xotaAra,4,واختار
$aha`da`t,3,شهادات
$at~aY`,3,شتى
$irob,3,شرب
$~ahawa`t,3,الشهوات
'aAkiluwn,3,للآكلين
'aAnaA^',3,آناء
*aA^}iqap,3,ذائقة
*aroE,3,ذرعا
*~i}ob,3,الذئب
*~ul~,3,الذل
<iSor,3,إصرا
<iToEa`m,3,إطعام
<iloyaAs,3,وإلياس
<iytaA'N,3,وإيتاء
>a$oqaY,3,الأشقى
>a*oqaAn,3,للأذقان
>a*~ana,3,فأذن
>aDaA^'a,3,أضاءت
>aEaz~,3,أعز
>aEoZam,3,أعظم
>aEojamiY~,3,أعجمي
>aHab~,3,أحب
>aHas~a,3,أحس
>aHoDarato,3,وأحضرت
>aSol,3,أصلها
>aTofa>a,3,أطفأها
>aboraHa,3,أبرح
>afaA^'a,3,أفاء
>afala,3,أفل
>aforigo,3,أفرغ
>ajodaAv,3,الأجداث
>akonan,3,أكننتم
>alofa,3,ألفينا
>alozama,3,أنلزمكموها
>an$ara,3,ينشرون
>aqoSaA,3,الأقصى
>arodaY`,3,ليردوهم
>as~asa,3,أسس
>atoraAb,3,أتراب
>ava`ba,3,فأثابكم
>awojasa,3,وأوجس
>awotaAd,3,الأوتاد
>awova`n,3,الأوثان
>axobaAr,3,أخباركم
>ayoman,3,الأيمن
>ufuq,3,الآفاق
>uf~,3,أف
>ujaAj,3,أجاج
>usowap,3,أسوة
>utorifu,3,أترفوا
A^vim,3,آثم
A^xi*,3,بآخذيه
Darob,3,ضربا
Digov,3,أضغاث
DiyaA^',3,ضياء
Ea$iyrat,3,وعشيرتكم
Ea$orap,3,عشرة
EaASim,3,عاصم
EaAjilapN,3,العاجلة
EaAqir,3,عاقر
Eamad,3,عمد
Eam~a`t,3,وعماتكم
Eani,3,عنتم
Eaz~aru,3,وعزرتموهم
Eimora`n,3,عمران
Eiyr,3,العير
EuloyaA,3,العليا
HaA^q~ap,3,الحاقة
HaAjap,3,حاجة
HaAla,3,يحول
HaAsabo,3,يحاسبكم
Ha`$iriyn,3,حاشرين
HadaA^}iq,3,حدائق
Hakam,3,حكما
Hama<,3,حمإ
HaraSo,3,حرصتم
Hariyr,3,حرير
Har~,3,الحر
Har~iqu,3,لنحرقنه
Hasada,3,يحسدون
Hasana`t,3,بالحسنات
Hasuna,3,وحسن
Hazan,3,حزنا
Hi*or,3,حذركم
HifoZ,3,حفظهما
Himol,3,حمل
HuTa`m,3,حطاما
HusobaAn,3,حسبانا
Sa`^f~a`t,3,صافات
Sagiyr,3,صغيرا
SaroSar,3,صرصرا
Suwrap,3,صوركم
S~a`bi_#iyn,3,والصابئين
TaAEap,3,طاعة
TaAba,3,طاب
TaAla,3,أفطال
Tafiqa,3,وطفقا
Tarad,3,تطرد
Tawol,3,طولا
baATin,3,وباطنه
baAg,3,باغ
baAri},3,بارئكم
baSurato,3,بصرت
baTo$,3,بطشا
ba`ligap,3,البالغة
bahiymap,3,بهيمة
baqar,3,البقر
baqiYa,3,بقي
baqiy~at,3,وبقية
baraka`t,3,بركات
barozax,3,برزخ
bayaAn,3,بيان
baya`t,3,بياتا
bikor,3,بكر
bu$or,3,بشرا
daA^}irap,3,دائرة
daAniyap,3,دانية
dak~,3,دكا
d~aAE,3,الداع
faA^'u,3,فاءوا
faAra,3,وفار
faAta,3,فاتكم
faAza,3,فاز
fa`kihiyn,3,فاكهون
faj~,3,فجاجا
farod,3,فردا
fasadati,3,لفسدت
fataY`,3,فتاها
fatiyl,3,فتيلا
fawa`kih,3,فواكه
faziEa,3,ففزع
fiSaAl,3,فصالا
fidoyap,3,فدية
fira`$,3,فراشا
fisoq,3,فسق
fitoyap,3,لفتيانه
furaAt,3,فرات
ga$~aY`,3,يغشيكم
gaA^}ibiyn,3,غائبين
ga`$iyap,3,غواش
gada,3,غدوت
gamorap,3,غمرتهم
ganam,3,والغنم
garuwr,3,الغرور
gawaY`,3,فغوى
gayov,3,الغيث
hay~in,3,هين
huwd2,3,هودا
jaAluwt,3,بجالوت
jaAmiE,3,جامع
jaAr,3,والجار
ja`hiliy~ap2,3,الجاهلية
jahorap,3,جهرة
jawaAr,3,الجوار
jayob,3,جيوبهن
ji*oE,3,جذع
jiboriyl,3,لجبريل
juzo',3,جزءا
kaA$if,3,كاشف
kaZiym,3,كظيم
kanazo,3,يكنزون
kasawo,3,نكسوها
kubita,3,يكبتهم
kufuwr,3,كفورا
kuroh,3,كره
kuw~irato,3,يكور
la`Eibiyn,3,لاعبين
lahab,3,اللهب
lumo,3,لمتنني
l~am~aA,3,ولما
ma$oHuwn,3,المشحون
ma$o_#amap,3,المشأمة
ma$ohuwd,3,مشهود
ma*omuwm,3,مذموما
maDaAjiE,3,مضاجعهم
maEiy$ap,3,معيشة
maEo$ar,3,يا
maEo*irap,3,معذرة
maHawo,3,يمحو
maHil~,3,محله
maHiyD,3,المحيض
ma`lik,3,مالك
madaA^}in,3,المدائن
mafaAtiH,3,مفاتح
mamaAt,3,ومماتي
masoTuwr,3,مسطورا
matiyn,3,متين
mavonaY`,3,مثنى
mawoluwd,3,المولود
mawotat,3,موتتنا
mayomanap,3,الميمنة
mayosir,3,والميسر
miqodaAr,3,بمقدار
mizaAj,3,مزاجها
mu$orika`t,3,المشركات
mu&otafikap,3,والمؤتفكات
muDogap,3,مضغة
muEa`jiziyn,3,معاجزين
muEotad,3,معتد
muSal~iyn,3,المصلين
muSofar~,3,مصفرا
mubad~il,3,مبدل
muboSirap,3,مبصرة
muhoTiEiyn,3,مهطعين
muhol,3,كالمهل
munkiruwn,3,منكرون
munqalibuwn,3,منقلبون
muntahaY`,3,المنتهى
muntaqimuwn,3,منتقمون
muqaAm,3,ومقاما
muqosiTiyn,3,المقسطين
murosaY`,3,مرساها
musax~ara`t,3,مسخرات
mut~axi*,3,متخذات
muxorij,3,مخرج
muxotaAl,3,مختالا
m~a$orab,3,مشربهم
m~adoHuwr,3,مدحورا
m~agoram,3,مغرما
m~aloja<,3,ملجأ
m~arofuwEap,3,مرفوعة
m~asonuwn,3,مسنون
m~awaADiE,3,مواضعه
m~awoviq,3,موثقا
m~idoraAr,3,مدرارا
m~uDil~,3,المضلين
m~ubay~ina`t,3,مبينات
m~ubay~inap,3,مبينة
m~udoxal,3,مدخلا
m~uhotad,3,المهتد
m~uloquwn,3,الملقين
m~uqar~aniyn,3,مقرنين
m~usal~amap,3,مسلمة
m~usaw~amap,3,المسومة
m~usotaqir~,3,مستقرا
m~utarab~iS,3,متربصون
naASiyap,3,بناصيتها
na_#aA,3,وينأون
nafar,3,نفرا
naka`l,3,نكالا
nasab,3,أنساب
nawom,3,نوم
nifaAq,3,نفاقا
nu$irato,3,ينشر
nuSub,3,النصب
nusifato,3,لننسفنه
n~a$o>ap,3,النشأة
n~ukor,3,نكرا
qaAhir,3,القاهر
qa`Sira`t,3,قاصرات
qa`nita`t,3,قانتات
qa`siyap,3,قاسية
qadiym,3,القديم
qaroH,3,قرح
qasato,3,قست
qawaAEid,3,القواعد
qawaAriyraA,3,قوارير
qaw~a`miyn,3,قوامون
qay~uwm,3,القيوم
qinTaAr,3,والقناطير
qiradap,3,قردة
qisomap,3,القسمة
qubul,3,قبلا
qurobaAn,3,بقربان
qur~ap,3,قرة
raA^d~,3,راد
raAga,3,فراغ
raAgib,3,راغبون
raHol,3,رحالهم
rab~a`niy~in,3,ربانيين
ragad,3,رغدا
rahoT,3,رهطك
rajoE,3,رجع
ri}aA^',3,رئاء
ruhoba`n,3,ورهبانا
r~a$iyd,3,رشيد
r~abaTo,3,وليربط
r~awoH,3,روح
r~um~aAn,3,والرمان
saAfil,3,سافلها
saHar,3,بالأسحار
saHaru,3,سحروا
sakan,3,سكنا
samiyn,3,سمان
samuwm,3,السموم
sara`biyl,3,سرابيلهم
sar~iHu,3,سرحوهن
say~aArap,3,وللسيارة
say~id,3,وسيدا
sij~iyl,3,سجيل
silosilap,3,والسلاسل
suka`raY`,3,سكارى
sundus,3,سندس
suqiTa,3,تسقط
s~aAmiriY~,3,السامري
s~aAriq,3,والسارق
s~alowaY`,3,والسلوى
s~uHot,3,للسحت
s~udus,3,السدس
ta>ax~ara,3,تأخر
taAbiE,3,بتابع
taArik,3,تارك
taDar~uE,3,تضرعا
taHowiyl,3,تحويلا
taloqafu,3,تلقف
taman~aY`^,3,تمنى
tamiyda,3,تميد
tanfu*u,3,تنفذوا
tanta$iru,3,تنتشرون
tasoliym,3,تسليما
tayam~amu,3,تيمموا
tiloqaA^',3,تلقاء
tuHad~ivu,3,أتحدثونهم
tunkiHu,3,تنكحوا
tuqosiTu,3,تقسطوا
turojiY,3,أرجه
tusoqiTa,3,تسقط
vul~ap,3,ثلة
waAbil,3,وابل
waAq,3,واق
waArid,3,واردهم
wah~aAb,3,الوهاب
wajilato,3,وجلت
waqot,3,لوقتها
wazon,3,والوزن
wiEaA^',3,بأوعيتهم
wuqifu,3,وقفوا
w~azanu,3,وزنوا
xaATaba,3,تخاطبني
xaA^}if,3,خائفين
xaA^}iniyn,3,للخائنين
xaArij,3,بخارجين
xaAsi},3,خاسئين
xaSom,3,خصمان
xaTifa,3,يخطف
xa`la`t,3,وخالاتكم
xaf~ato,3,خفت
xamosap,3,بخمسة
xasaAr,3,خسارا
xaw~ala,3,خولناكم
xiTaAb,3,الخطاب
xusoraAn,3,خسرانا
ya$~aq~aqu,3,يشقق
ya>olamu,3,تألمون
yaEoSimu,3,يعصمك
yaEodu,3,تعدوا
yaHotasibu,3,يحتسبون
yaTa_#u,3,يطئون
ya_#uws,3,ليئوس
yad~aEu,3,يدعون
yagiyZu,3,يغيظ
yajo_#aru,3,تجأرون
yajorima,3,يجرمنكم
yakofulu,3,يكفل
yalija,3,يلج
yalo,3,يلوون
yalomizu,3,يلمزك
yamiylu,3,تميلوا
yarohabu,3,فارهبون
yarokuDu,3,يركضون
yaroqubu,3,يرقبوا
yaso_#amu,3,تسأموا
yasotaEofifo,3,فليستعفف
yasotabodilo,3,أتستبدلون
yasotafiz~a,3,واستفزز
yasotaxofu,3,يستخفون
yataDar~aEu,3,يتضرعون
yataEad~a,3,يتعد
yatabad~ali,3,يتبدل
yataxaT~afa,3,يتخطفكم
yu*ab~iHu,3,يذبحون
yuDaA^r~a,3,تضار
yuHodivu,3,أحدث
yubodila,3,يبدلهما
yubodi}u,3,يبدئ
yula`qu,3,يلاقوا
yuloHidu,3,يلحدون
yumil~a,3,وليملل
yumonaY`,3,تمنى
yunkiru,3,ينكر
yuroDu,3,يرضونكم
yurohiqa,3,ترهقني
yusojana,3,يسجن
yuwzaEu,3,يوزعون
zaAla,3,لتزول
zaAn,3,والزاني
zaAniyap,3,الزانية
zabad,3,زبدا
zabuwr,3,زبورا
zafiyr,3,زفير
zahaqa,3,وتزهق
zaq~uwm,3,الزقوم
zulozilu,3,وزلزلوا
{Eotarafu,3,اعترفوا
{Hotamala,3,احتمل
{SoTabiro,3,واصطبر
{T~ay~aro,3,يطيروا
{boyaD~ato,3,تبيض
{d~a`raka,3,اداركوا
{mosaHu,3,فامسحوا
{nfaD~u,3,لانفضوا
{rotaDaY`,3,ارتضى
{sotafotaHu,3,يستفتحون
{sotakovaro,3,استكثرتم
{sotamosaka,3,استمسك
{sotankafu,3,يستنكف
{sotaxaf~a,3,تستخفونها
{xofiDo,3,واخفض
{xotalaTa,3,اختلط
$aTaT,2,شططا
$a`fiEiyn,2,شافعين
$afaA,2,شفا
$ahiyq,2,وشهيق
$ahowap,2,شهوة
$amaA^}il,2,شمائلهم
$ana_#aAn,2,شنآن
$aqaqo,2,أشق
$araEa,2,شرع
$ukuwr,2,شكورا
$~iEor,2,وأشعارها
'aA*an,2,آذنتكم
'aAniyap,2,بآنية
'aAzifap,2,الآزفة
*aA^}iquwA,2,لذائقون
*aluwl,2,ذلول
*anuwb,2,ذنوبا
*im~ap,2,ذمة
*iraAE,2,ذراعيه
*ubaAb,2,ذبابا
*ul~ilato,2,وذللناها
*~a`kiriyn,2,للذاكرين
<iEoraAD,2,إعراضا
<ibil,2,الإبل
<iboka`r,2,والإبكار
<idoriys,2,إدريس
<ikoraAh,2,إكراه
<ikoraAm,2,والإكرام
<ila`f,2,لإيلاف
<il~,2,إلا
<imola`q,2,إملاق
<iqaAm,2,وإقام
<isoraAf,2,وإسرافنا
<isoraAr,2,إسرارهم
>a$ir,2,أشر
>a$ofaqo,2,وأشفقن
>a$otaAt,2,أشتاتا
>a*al~,2,الأذلين
>aDoEaf,2,وأضعف
>aDoga`n,2,أضغانهم
>aEaAna,2,فأعينوني
>aEojaAz,2,أعجاز
>aEola`m,2,كالأعلام
>aEolawon,2,الأعلون
>aEoraAf,2,الأعراف
>aEoraj,2,الأعرج
>aHokam,2,أحكم
>aSa`biE,2,أصابعهم
>aSodaq,2,أصدق
>aSofaAd,2,الأصفاد
>aSofaY`,2,أفأصفاكم
>aSogar,2,أصغر
>aboraS,2,والأبرص
>adolaY`,2,وتدلوا
>af~aAk,2,أفاك
>agorayo,2,فأغرينا
>aha`na,2,يهن
>aj~ala,2,أجلت
>akomaAm,2,أكمامها
>akomah,2,الأكمه
>akomalo,2,ولتكملوا
>akoram,2,أكرمكم
>akovaru,2,فأكثرت
>ama`nat,2,أمانته
>amal,2,الأمل
>amanap,2,أمنة
>amap,2,ولأمة
>anSitu,2,وأنصتوا
>anTaqa,2,أنطقنا
>anf,2,والأنف
>anfaAl,2,الأنفال
>aqal~,2,أقل
>aqoTaAr,2,أقطارها
>aqosaT,2,أقسط
>arobaY`,2,ويربي
>arokasa,2,أركسهم
>asaf,2,يا
>asif,2,أسفا
>asofaAr,2,أسفارنا
>asolafato,2,أسلفت
>asoraE,2,أسرع
>asowa>,2,أسوأ
>atoqaY,2,أتقاكم
>ava`v,2,أثاثا
>avomara,2,أثمر
>avoxan,2,يثخن
>awoEaY`^,2,فأوعى
>awodiyap,2,أودية
>awofaY`2,2,أوفى
>awosaT,2,أوسط
>awoziEo,2,أوزعني
>aw~a`h,2,لأواه
>axoTa>o,2,أخطأنا
>axobatu,2,وأخبتوا
>axodaAn,2,أخدان
>axolaSu,2,وأخلصوا
>axolada,2,أخلد
>ayoyd,2,الأيد
>ay~atuhaA,2,أيتها
>azaAga,2,تزغ
>azola`m,2,بالأزلام
>uHoSiru,2,أحصرتم
>uHokimato,2,أحكمت
>ubosilu,2,تبسل
DaA^r~,2,بضارين
DaEufa,2,ضعفوا
Dayoq,2,ضيق
Day~iq,2,ضيقا
DiraAr,2,ضرارا
Ea$arap,2,عشرة
Ea*ob,2,عذب
EaASif,2,عاصف
EaAliyap,2,عالية
EaAliyn,2,عالين
EaAriD,2,عارضا
EaDud,2,عضدا
EaD~u,2,عضوا
EaSiy~,2,عصيا
EaSof,2,العصف
EaZom,2,بعظم
Eabasa,2,عبس
Eadow,2,عدوا
Ead~,2,عدا
Eafow,2,العفو
Eajiyb,2,عجيب
EamFY,2,العمى
Eamuwn,2,عمين
Eam~,2,أعمامكم
Eankabuwt,2,العنكبوت
Eaqabap,2,العقبة
EaraA^',2,بالعراء
Ear~afa,2,عرفها
Easiyr,2,عسيرا
Eatiyd,2,عتيد
Eatiyq,2,العتيق
Eayiy,2,يعي
Ei$aA^',2,عشاء
EiSiy~,2,وعصيهم
Eihon,2,كالعهن
EijaAf,2,عجاف
Eil~iy~iyn,2,عليين
Eitiy~,2,عتيا
Eiy$ap,2,عيشة
Eu*or,2,عذرا
Eudowap,2,بالعدوة
Eumorap,2,والعمرة
Eurof,2,بالعرف
Eurowap,2,بالعروة
Eusorap,2,عسرة
Eutuw~,2,عتوا
Ha$or,2,حشر
Ha*ar,2,حذر
HaADirap,2,حاضرة
HaA^d~a,2,يحادد
HaAmiyap,2,حامية
HaAraba,2,يحاربون
HaSirato,2,حصرت
HaTab,2,حطبا
Ha`$,2,حاش
Ha`fiZa`t,2,حافظات
Ha`sibiyn,2,الحاسبين
Hafiy~,2,حفي
Hajar,2,الحجر
Hamiy~ap,2,الحمية
HanaAjir,2,الحناجر
Har~iDi,2,وحرض
Hayov2,2,وحيث
HiT~ap,2,حطة
HuTamap,2,الحطمة
Huruma`t,2,والحرمات
Hur~,2,الحر
Huzon,2,الحزن
SaAluwA,2,صالو
SaEiqa,2,فصعق
SaY`Hib,2,يا
Sabiy~,2,صبيا
Sadiyq,2,صديقكم
Sad~,2,وصد
SafoH,2,الصفح
Sagato,2,ولتصغى
Sagiyrap,2,صغيرة
SalaHa,2,صلح
Salabu,2,صلبوه
Sam~u,2,وصموا
Saxorap,2,الصخرة
Sibogap,2,صبغة
SinowaAn,2,صنوان
SuloH,2,صلحا
SunoE,2,صنعا
S~ulob,2,أصلابكم
TaAluwt,2,طالوت
TaAqap,2,طاقة
TaArid,2,بطارد
Tahuwr,2,طهورا
TalaEat,2,طلعت
Tariy~,2,طريا
Tawiyl,2,طويلا
TuluwE,2,طلوع
TuwFY,2,طوى
T~aAriq,2,والطارق
T~ala`q,2,الطلاق
T~uwfaAn,2,الطوفان
ZaAlimiY^,2,ظالمي
Za`hirap,2,ظاهرة
Zaliyl,2,ظليلا
Zaluwm,2,لظلوم
Zal~alo,2,وظللنا
baAqiyap,2,باقية
baAqiyn,2,الباقين
baArid,2,بارد
baEiyr,2,بعير
baEudato,2,بعدت
baSTap,2,بسطة
baTana,2,بطن
baTo$ap,2,البطشة
ba`$iru,2,باشروهن
ba`qiya`t,2,والباقيات
ba`xiE,2,باخع
badiyE,2,بديع
bagiy~,2,بغيا
bahiyj,2,بهيج
banaAn,2,بنان
baqara`t,2,بقرات
baraA^'ap,2,براءة
bariy~ap,2,البرية
barod,2,بردا
bar~a>a,2,أبرئ
baxos,2,بخس
biDoE,2,بضع
biTaAnap,2,بطانة
binaA^',2,بناء
buEovira,2,بعثرت
buhita,2,فبهت
bur~izati,2,وبرزت
buwr,2,بورا
buxol,2,بالبخل
daA^}im,2,دائم
daAfiE,2,دافع
da`xiluwn,2,داخلون
dafoE,2,دفع
danaA,2,يدنين
daxal,2,دخلا
diyap,2,ودية
duk~ati,2,فدكتا
duxaAn,2,دخان
d~ahor,2,الدهر
d~amoE,2,الدمع
faAliq,2,فالق
faE~aAl,2,فعال
falak,2,فلك
farago,2,سنفرغ
fataya`t,2,فتياتكم
fazaE,2,الفزع
firaAq,2,فراق
firodawos,2,الفردوس
fura`daY`,2,فرادى
gaA^}iT,2,الغائط
gaAfir,2,الغافرين
gaDoba`n,2,غضبان
gadaw`p,2,بالغداة
ganimo,2,غنمتم
garabat,2,غربت
gas~aAq,2,وغساق
gawor,2,غورا
gaya`bat,2,غيابت
gi$a`wap,2,غشاوة
giTaA^',2,غطاء
giyDa,2,وغيض
gulof,2,غلف
guraAb,2,غرابا
guruwb,2,غروبها
guvaA^',2,غثاء
ha$iym,2,هشيما
haAdiy,2,هادي
haAlik,2,الهالكين
ha`*a`n,2,هذان
habaA^',2,هباء
hadiy~ap,2,بهدية
hayo_#ap,2,كهيئة
hayohaAt,2,هيهات
hazamu,2,فهزموهم
jaAriyap,2,الجارية
jadal,2,جدلا
jahaAz,2,بجهازهم
jah~aza,2,جهزهم
jala`l,2,الجلال
jalodap,2,جلدة
jal~aY`,2,يجليها
janaHu,2,جنحوا
jaraAd,2,والجراد
jibil~ap,2,والجبلة
jidaAl,2,جدال
jidaAr,2,جدارا
jisom,2,والجسم
jiviy~,2,جثيا
jub~,2,الجب
jun~ap,2,جنة
juruz,2,جرزا
kaAhin,2,بكاهن
kaAlu,2,كلتم
kaAmilap,2,كاملة
kaEobap,2,الكعبة
ka`Zimiyn,2,والكاظمين
kaf~ay,2,كفيه
kahol,2,وكهلا
kala`lap,2,كلالة
kar~amo,2,كرمت
kavorap,2,كثرة
kavura,2,كثر
ki*~aAb,2,كذابا
kibor,2,كبره
kiboriyaA^',2,الكبرياء
kisowat,2,وكسوتهن
kurosiy~,2,كرسيه
kusaAlaY`,2,كسالى
la*~ap,2,لذة
ladaY,2,لدى
lamoH,2,كلمح
lin,2,لنت
lizaAm,2,لزاما
lum~a,2,هلم
luqoma`n,2,لقمان
l~aban,2,لبنا
l~aj~u,2,للجوا
l~uguwb,2,لغوب
ma>ojuwj,2,ومأجوج
maA^}idap,2,مائدة
maAli_#uwn,2,فمالئون
maEaA*,2,معاذ
maEaArij,2,ومعارج
maEa`yi$,2,معايش
maEoSiyat,2,ومعصيت
maSofuwfap,2,مصفوفة
ma`kiriyn,2,الماكرين
madiyniyn,2,لمدينون
mad~,2,مدا
mafaAzap,2,بمفازة
magoluwlap,2,مغلولة
maholik,2,لمهلكهم
mah~ili,2,ومهلهم
majomaE,2,مجمع
man$uwr,2,منشورا
manSuwr,2,منصورا
manaAzil,2,منازل
maqaAliyd,2,مقاليد
maraH,2,مرحا
maraja,2,مرج
maroEaY`,2,ومرعاها
maroHab,2,مرحبا
maroduwd,2,مردود
marojaAn,2,والمرجان
masobuwqiyn,2,بمسبوقين
masokanap,2,والمسكنة
masoruwr,2,مسرورا
mas~,2,المس
mataAb,2,متاب
mavuwbap,2,لمثوبة
mawaAxir,2,مواخر
mawa`liY,2,موالي
maxomaSap,2,مخمصة
mayol,2,ميلا
mikoyaAl,2,المكيال
miloH,2,ملح
miroSaAd,2,مرصادا
miyra`v,2,ميراث
mu$orikap,2,مشركة
mu$otarikuwn,2,مشتركون
mu&a*~in,2,مؤذن
muHiyTap,2,لمحيطة
muHoY,2,لمحيي
muHodav,2,محدث
muSayoTir,2,المصيطرون
muSorix,2,بمصرخكم
muTal~aqa`t,2,والمطلقات
muToma}in~,2,مطمئن
muZolim,2,مظلما
mubotaliy,2,مبتليكم
mufotaruwn,2,المفترين
muhayomin,2,ومهيمنا
mula`qiy,2,ملاقيكم
muliym,2,مليم
mulotaHad,2,ملتحدا
mumaz~aq,2,ممزق
munaj~uw,2,لمنجوهم
munqalab,2,منقلبا
munzal,2,منزلين
muqad~as,2,المقدس
murotafaq,2,مرتفقا
musaH~ariyn,2,المسحرين
musa`fiHiyn,2,مسافحين
musab~iHuwn,2,المسبحين
musolima`t,2,والمسلمات
musotaEaAn,2,المستعان
musotahozi'uwn,2,مستهزئون
musotamiE,2,مستمعون
musotawodaE,2,ومستودع
musowad~,2,مسودا
mutaSad~iqiyn,2,المتصدقين
mutataAbiEayon,2,متتابعين
muwsiE,2,الموسع
muxal~aqap,2,مخلقة
muz~iqo,2,مزقتم
m~a$okuwr,2,مشكورا
m~aEoluwma`t,2,معلومات
m~aEoruw$a`t,2,معروشات
m~aHofuwZ,2,محفوظا
m~aHojuwr,2,محجورا
m~aHoyaA,2,ومحياي
m~a`kiviyn,2,ماكثين
m~aforuwD,2,مفروضا
m~ajomuwE,2,مجموع
m~amoduwd,2,ممدود
m~anDuwd,2,منضود
m~anvuwr,2,منثورا
m~an~aAE,2,مناع
m~aqoDiy~,2,مقضيا
m~ariyd,2,مريدا
m~aroquwm,2,مرقوم
m~avaAniY,2,المثاني
m~aziyd,2,مزيد
m~u$oriqiyn,2,مشرقين
m~u&oSadap,2,مؤصدة
m~uHoSiniyn,2,محصنين
m~uToma}in~ap,2,مطمئنة
m~ufotarFY,2,مفترى
m~ugonuwn,2,مغنون
m~ujiyb,2,مجيب
m~uqotaSid,2,مقتصد
m~usotamir~,2,مستمر
m~utaEam~id,2,متعمدا
m~ut~abaEuwn,2,متبعون
m~uvoqaluwn,2,مثقلون
m~uxal~aduwn,2,مخلدون
naAZirap,2,فناظرة
naA^}imuwn,2,نائمون
naAdiy,2,ناديكم
naAfaqu,2,نافقوا
naAfilap,2,نافلة
naDorap,2,نضرة
nafaqap,2,نفقة
najaA,2,نجا
najiy~,2,نجيا
nakaSa,2,نكص
naqiyr,2,نقيرا
naqoD,2,نقضهم
naqoS,2,ونقص
nasof,2,نسفا
nasol,2,والنسل
nasotadoriju,2,سنستدرجهم
nazog,2,نزغ
nidaA^',2,ونداء
nu$uwz,2,نشوزهن
nuSibato,2,نصبت
nusuk,2,نسك
n~a*or,2,نذر
n~aEomap,2,ونعمة
n~adaAmap,2,الندامة
n~amol,2,النمل
n~axolap,2,النخلة
n~uEaAs,2,نعاسا
n~uhaY`,2,النهى
qa`siTuwn,2,القاسطون
qabas,2,بقبس
qabiyl,2,وقبيله
qaboDap,2,قبضة
qadimo,2,يقدم
qala`^}id,2,القلائد
qasam,2,لقسم
qasamo,2,يقسمون
qay~aDo,2,وقيضنا
qay~imap,2,قيمة
qiTaE,2,قطعا
qiToE,2,بقطع
qiTor,2,قطرا
qiroTaAs,2,قرطاس
qisoTaAs,2,بالقسطاس
quTuwf,2,قطوفها
qud~uws,2,القدوس
ra>oY,2,رأي
ra>ofap,2,رأفة
raAbiE,2,رابعهم
raEa,2,وارعوا
raEod,2,ورعد
raHubato,2,رحبت
raSad,2,رصدا
ra`Ei,2,راعنا
ra`Euwn,2,راعون
rabowap,2,بربوة
rab~aya,2,ربياني
rad~,2,بردهن
rafav,2,الرفث
rahaq,2,رهقا
ramiym,2,رميم
rat~alo,2,ورتلناه
ruba`E,2,ورباع
rufa`t,2,ورفاتا
rukon,2,ركن
r~a$aAd,2,الرشاد
r~aDaAEap,2,الرضاعة
r~a`sixuwn,2,والراسخون
r~as~,2,الرس
r~ayoHaAn,2,والريحان
r~ubuE,2,الربع
saA^}ig,2,سائغا
saAdis,2,سادسهم
saAhuwn,2,ساهون
saba<,2,سبإ
saboH,2,سبحا
sadiyd,2,سديدا
safaAhap,2,سفاهة
sakorap,2,سكرتهم
saliym,2,سليم
sal~aTa,2,لسلطهم
samiy~,2,سميا
saqiym,2,سقيم
saraAH,2,سراحا
saraAb,2,كسراب
saromad,2,سرمدا
sawo'ap,2,سوءة
saxiTa,2,سخط
sayol,2,السيل
sayor,2,السير
sidor,2,سدر
sidorap,2,سدرة
sij~iyn,2,سجين
siqaAyap,2,سقاية
siraAE,2,سراعا
sixoriy~,2,سخريا
suEur,2,وسعر
subaAt,2,سباتا
sula`lap,2,سلالة
sul~am,2,سلما
sunbula`t,2,سنبلات
sunbulap,2,سنابل
s~alom,2,للسلم
s~ar~aA^',2,السراء
s~in~,2,والسن
ta>a*~ana,2,تأذن
ta>oviym,2,تأثيم
taArap,2,تارة
taEaAwanu,2,وتعاونوا
taEoDulu,2,تعضلوهن
taSoTalu,2,تصطلون
taSodiyq,2,تصديق
taSoriyf,2,وتصريف
taTaw~aEa,2,تطوع
taZa`haru,2,تظاهرون
tabaE,2,تبعا
tabar~u,2,تبروا
tabota}iso,2,تبتئس
tab~a,2,تبت
tab~aro,2,وليتبروا
tadomiyr,2,تدميرا
tafiyDu,2,تفيض
tafoDiyl,2,تفضيلا
tafojiyr,2,تفجيرا
tafoqidu,2,تفقدون
tagoluw,2,تغلوا
tajal~aY`,2,تجلى
tamuwru,2,تمور
tanoharo,2,تنهرهما
taqad~ama,2,تقدم
taqaw~ala,2,تقوله
taraAD,2,تراض
taraA^'ati,2,تراءت
tara`Da,2,تراضوا
tarojufu,2,ترجف
tarokanu,2,تركنوا
tarotiyl,2,ترتيلا
tasobiyH,2,تسبيحهم
tatobiyr,2,تتبيرا
tavobiyt,2,وتثبيتا
tawaArato,2,يتوارى
tawofiyq,2,وتوفيقا
tayas~ara,2,تيسر
tazoraEu,2,تزرعون
tilokum,2,تلكما
tisoEap,2,تسعة
tuSa`Hibo,2,تصاحبني
tubori}u,2,وأبرئ
tub~aE,2,تبع
t~aAbuwt,2,التابوت
t~akaAvur,2,وتكاثر
t~amaAviyl,2,التماثيل
t~an~uwr,2,التنور
vaAbit,2,ثابت
vaAliv,2,ثالث
vaAniY,2,ثاني
vaAqib,2,ثاقب
vuEobaAn,2,ثعبان
vula`v,2,وثلاث
waASib,2,واصبا
waAqiEap,2,الواقعة
waTar,2,وطرا
wa`lidap,2,والدة
wadoq,2,الودق
waduwd,2,ودود
wahon,2,وهنا
wajiyh,2,وجيها
waj~aho,2,وجهت
wala`yat,2,ولايتهم
warada,2,وردوها
waraq,2,ورق
wasiylap,2,الوسيلة
wavaAq,2,الوثاق
wayoka>an~,2,ويكأن
waziyr,2,وزيرا
wirod,2,الورد
wuk~ila,2,وكلنا
wuvoqaY`,2,الوثقى
xa$aEati,2,وخشعت
xaATi}ap,2,بالخاطئة
xaA^}inap,2,خائنة
xaAl,2,أخوالكم
xaAliS,2,خالصا
xaTa_#,2,خطأ
xaTiy^_#a`t,2,خطيئاتكم
xa`midiyn,2,خامدين
xa`misap,2,والخامسة
xabaAl,2,خبالا
xabar,2,بخبر
xabiyva`t,2,الخبيثات
xafiY~,2,خفيا
xafiyf,2,خفيفا
xal~a`q,2,الخلاق
xamosiyn,2,خمسين
xarodal,2,خردل
xaroj,2,خرجا
xawaAlif,2,الخوالف
xawoD,2,خوضهم
xaw~aAn,2,خوانا
xayoT,2,الخيط
xiyaAnap,2,خيانة
xiyarap,2,الخيرة
xubor,2,خبرا
xufoyap,2,وخفية
xuluq,2,خلق
xusor,2,خسرا
xuwaAr,2,خوار
ya$ofi,2,ويشف
ya>ojuwj,2,يأجوج
ya>otamiru,2,يأتمرون
yaAbisa`t,2,يابسات
yaEoSiru,2,أعصر
yaEori$u,2,يعرشون
yaEozubu,2,يعزب
yaHobisu,2,تحبسونهما
yaHuD~u,2,يحض
yaSumo,2,تصوموا
yaTomivo,2,يطمثهن
yaT~aw~afa,2,يطوف
yabuwru,2,يبور
yaduE~u,2,يدعون
yafojura,2,تفجر
yafosaHi,2,فافسحوا
yahiyju,2,يهيج
yaloHaqu,2,يلحقوا
yalohavo,2,يلهث
yalotafito,2,يلتفت
yamiyza,2,يميز
yamoHaqu,2,يمحق
yanbuwE,2,ينبوعا
yansaxu,2,ننسخ
yansilu,2,ينسلون
yaqonuto,2,اقنتي
yasobaHu,2,يسبحون
yasofiku,2,ويسفك
yasub~u,2,تسبوا
yataEaArafu,2,يتعارفون
yataEal~amu,2,فيتعلمون
yatakab~aru,2,تتكبر
yatamaA^s~a,2,يتماسا
yataraq~abu,2,يترقب
yataxa`fatu,2,يتخافتون
yataxay~aru,2,يتخيرون
yaxoSifa,2,يخصفان
yaxodaEu,2,يخدعون
yaxoludo,2,ويخلد
yaxotaAnu,2,تختانون
yaxotaS~u,2,يختص
yazonu,2,يزنون
yu$oEiru,2,يشعركم
yuEaZ~imo,2,يعظم
yuEaq~ibo,2,يعقب
yuHa*~iru,2,ويحذركم
yuHaA^d~u,2,يحادون
yuHaAwiru,2,يحاوره
yuHak~imu,2,يحكموك
yuHobaru,2,يحبرون
yuTaAEu,2,ليطاع
yuboliYa,2,لتبلون
yudoHiDu,2,ليدحضوا
yudohinu,2,تدهن
yugaAdiru,2,نغادر
yuhay~i}o,2,وهيئ
yuhoraEu,2,يهرعون
yumaH~iSa,2,وليمحص
yuman~iy,2,ولأمنينهم
yunzafu,2,ينزفون
yuraA^'u,2,يراءون
yusoHabu,2,يسحبون
yusoraY`,2,لليسرى
yuvobitu,2,ليثبتوك
yuxaAlifu,2,أخالفكم
yuxa`diEu,2,يخادعون
yuxosiru,2,تخسروا
yuzojiY,2,يزجي
zaEiym,2,زعيم
zaEom,2,بزعمهم
zajorap,2,زجرة
zalalo,2,زللتم
zilozaAl,2,زلزالا
ziyaAdap,2,زيادة
zujaAjap,2,زجاجة
zulofap,2,وزلفا
zumar,2,زمرا
{$otamalato,2,اشتملت
{Domumo,2,واضمم
{bonat,2,ابنتي
{fotiraA^',2,افتراء
{goluZo,2,واغلظ
{jolidu,2,فاجلدوا
{jotamaEu,2,اجتمعت
{kotaAlu,2,نكتل
{lotaqaTa,2,يلتقطه
{loyasaEa,2,واليسع
{motaHana,2,امتحن
{n$uzu,2,انشزوا
{nsalaxa,2,فانسلخ
{ntaba*ato,2,انتبذت
{sota$ohidu,2,واستشهدوا
{sotaHaq~a,2,استحقا
{sotaHowa*a,2,نستحوذ
{sota_#ojaro,2,استأجره
{sotago$a,2,يستغشون
{sotakaAnu,2,استكانوا
{sotanSara,2,استنصروكم
{sotasoqaY`,2,استسقى
{sotayo_#asa,2,استيأسوا
{sotayoqanato,2,واستيقنتها
{sotayosara,2,استيسر
{sotikobaAr,2,استكبارا
{sowad~ato,2,وتسود
{t~ibaAE,2,فاتباع
$aAkilat,1,شاكلته
$aAni},1,شانئك
$aAriko,1,وشاركهم
$aAwiro,1,وشاورهم
$aTo_#,1,شطأه
$a`Ti},1,شاطئ
$a`mixa`t,1,شامخات
$a`xiSap,1,شاخصة
$afatayon,1,وشفتين
$agafa,1,شغفها
$agalato,1,شغلتنا
$ajara,1,شجر
$akol,1,شكله
$aq~,1,شقا
$arar,1,بشرر
$ariyEap,1,شريعة
$aroqiy~,1,شرقيا
$aroqiy~ap,1,شرقية
$ar~ido,1,فشرد
$awob,1,لشوبا
$ayob,1,شيبا
$ayobap,1,وشيبة
$iqowat,1,شقوتنا
$iq~,1,بشق
$iro*imap,1,لشرذمة
$iroEap,1,شرعة
$iyap,1,شية
$iyb,1,شيبا
$uEab,1,شعب
$uEuwb,1,شعوبا
$uHuwm,1,شحومهما
$ub~iha,1,شبه
$ugul,1,شغل
$uhub,1,وشهبا
$ukor,1,شكرا
$urob,1,شرب
$ur~aE,1,شرعا
$uwaAZ,1,شواظ
$uwraY`,1,شورى
$~afaq,1,بالشفق
$~afoE,1,والشفع
$~awaY`,1,للشوى
$~awokap,1,الشوكة
$~iEoraY`,1,الشعرى
$~itaA^',1,الشتاء
$~uq~ap,1,الشقة
'aAfiliyn,1,الآفلين
'aAminap,1,آمنة
'aAmiruwn,1,الآمرون
'aAn,1,آن
'aAnif,1,آنفا
'aAsafu,1,آسفونا
'aAsin,1,آسن
*aAhib,1,ذاهب
*a`nik,1,فذانك
*ahaAb,1,ذهاب
*ak~ayo,1,ذكيتم
*arow,1,ذروا
*iboH,1,بذبح
*ulul,1,ذللا
*~a`kira`t,1,والذاكرات
*~a`riya`t,1,والذاريات
<i$oraAq,1,والإشراق
<iEoSaAr,1,إعصار
<iSobaAH,1,الإصباح
<iY,1,إي
<idoba`r,1,وإدبار
<id~,1,إدا
<ijoraAm,1,إجرامي
<iloHaAd,1,بإلحاد
<iloHaAf,1,إلحافا
<il~am,1,فإلم
<imor,1,إمرا
<imosaAk,1,فإمساك
<in$aA^',1,إنشاء
<inaY`,1,إناه
<infaAq,1,الإنفاق
<insiy~,1,إنسيا
<iqaAmat,1,إقامتكم
<iram,1,إرم
<iroSaAd,1,وإرصادا
<irobap,1,الإربة
<iyaAb,1,إيابهم
<iyn,1,أفإن
>a$aArato,1,فأشارت
>a$aq~,1,أشق
>a$okuwA@,1,أشكو
>a$oraAT,1,أشراطها
>a$oraqati,1,وأشرقت
>a*aAEu,1,أذاعوا
>a*a`n,1,وأذان
>aDoHaka,1,أضحك
>aEiyba,1,أعيبها
>aEojala,1,أعجلك
>aEojamiyn,1,الأعجمين
>aEonata,1,لأعنتكم
>aEoqaba,1,فأعقبهم
>aEovaro,1,أعثرنا
>aHib~a`^&,1,وأحباؤه
>aHoSaY`2,1,أحصى
>aHomaAl,1,الأحمال
>aHomad,1,أحمد
>aHoqaAb,1,أحقابا
>aHoqaAf,1,بالأحقاف
>aHoraS,1,أحرص
>aHotanika,1,لأحتنكن
>aHowaY`,1,أحوى
>aSam~a,1,فأصمهم
>aSobu,1,أصب
>aSowaAf,1,أصوافها
>aTogaY`,1,وأطغى
>aTogayo,1,أطغيته
>aTowaAr,1,أطوارا
>aZofara,1,أظفركم
>aZolama,1,أظلم
>abaAbiyl,1,أبابيل
>abaAriyq,1,وأباريق
>abaqa,1,أبق
>abo$iru,1,وأبشروا
>abokaY`,1,وأبكى
>aboramu,1,أبرموا
>abotar,1,الأبتر
>ab~,1,وأبا
>adaA^',1,وأداء
>adohaY`,1,أدهى
>afaAqa,1,أفاق
>afoDaY`,1,أفضى
>afoSaH,1,أفصح
>afonaAn,1,أفنان
>agoTa$a,1,وأغطش
>agofalo,1,أغفلنا
>aham~ato,1,أهمتهم
>ahil~ap,1,الأهلة
>ahowan,1,أهون
>ahu$~u,1,وأهش
>ajin~ap,1,أجنة
>ajodar,1,وأجدر
>ajol,1,أجل
>ajolibo,1,وأجلب
>akobaro,1,أكبرنه
>akodaY`^,1,وأكدى
>akofara,1,أكفره
>akofilo,1,أكفلنيها
>akona`n,1,أكنانا
>ak~a`luwn,1,أكالون
>ala,1,وألنا
>alad~,1,ألد
>alato,1,ألتناهم
>alofaAf,1,ألفافا
>alohama,1,فألهمها
>aloqa`b,1,بالألقاب
>amaAm,1,أمامه
>amar~,1,وأمر
>amo$aAj,1,أمشاج
>amoEaA^',1,أمعاءهم
>amohilo,1,أمهلهم
>amokana,1,فأمكن
>amot,1,أمتا
>amoval,1,أمثلهم
>am~aArap,1,لأمارة
>anaAm,1,للأنام
>anaAmil,1,الأنامل
>ankaAl,1,أنكالا
>anka`v,1,أنكاثا
>ankar,1,أنكر
>anqaDa,1,أنقض
>aqaAwiyl,1,الأقاويل
>aqal~ato,1,أقلت
>aqobara,1,فأقبره
>aqodamuwn,1,الأقدمون
>aqofaAl,1,أقفالها
>aqoliEi,1,أقلعي
>aqonaY`,1,وأقنى
>aqowa`t,1,أقواتها
>arojaA^},1,أرجائها
>arosaY`,1,أرساها
>asalo,1,وأسلنا
>asobaga,1,وأسبغ
>asofara,1,أسفر
>asor,1,أسرهم
>asotaxoliSo,1,أستخلصه
>asowad,1,الأسود
>asoxaTa,1,أسخط
>atawak~a&uA@,1,أتوكأ
>atoqana,1,أتقن
>avaAm,1,أثاما
>ava`rap,1,أثارة
>avol,1,وأثل
>avoqalat,1,أثقلت
>awoDaEu,1,ولأوضعوا
>awobaAr,1,وأوبارها
>awohan,1,أوهن
>awojafo,1,أوجفتم
>awolaya`n,1,الأوليان
>aworada,1,فأوردهم
>aw~ibi,1,أوبي
>axoDar,1,الأخضر
>axofaY,1,وأخفى
>axozaY`,1,أخزى
>aya`maY`,1,الأيامى
>ayoqaAZ,1,أيقاظا
>azal~a,1,فأزلهما
>azifati,1,أزفت
>azor,1,أزري
>az~,1,أزا
>u$oribu,1,وأشربوا
>uEiy*u,1,أعيذها
>ufaw~iDu,1,وأفوض
>uq~itato,1,أقتت
>uxoduwd,1,الأخدود
A^m~iyn,1,آمين
A^zar,1,آزر
A^zara,1,فآزره
DaAHik,1,ضاحكا
DaAHikap,1,ضاحكة
DaA^}iq,1,وضائق
DaAmir,1,ضامر
DaboH,1,ضبحا
Daniyn,1,بضنين
Dank,1,ضنكا
DariyE,1,ضريع
Dayor,1,ضير
DiEa`f,1,ضعافا
Did~,1,ضدا
DiyzaY`^,1,ضيزى
D~a>on,1,الضأن
D~afaAdiE,1,والضفادع
D~arar,1,الضرر
Ea$iyr,1,العشير
Ea$iy~ap,1,عشية
EaA$iru,1,وعاشروهن
EaASifap,1,عاصفة
EaA^d~iyn,1,العادين
EaA^}iduwn,1,عائدون
EaA^}il,1,عائلا
EaAbiriY,1,عابري
EaAdayo,1,عاديتم
EaAfiyn,1,والعافين
EaAl,1,لعال
EaAmilap,1,عاملة
EaAtiyap,1,عاتية
EaSiyb,1,عصيب
EaSof2,1,عصفا
EaSor,1,والعصر
Ea`Sifa`t,1,فالعاصفات
Ea`bida`t,1,عابدات
Ea`diya`t,1,والعاديات
Eabav,1,عبثا
EaboqariY~,1,وعبقري
Eabuws,1,عبوسا
Eab~ad,1,عبدت
Eadas,1,وعدسها
Ead~ada,1,وعدده
Eajal,1,عجل
Eajazo,1,أعجزت
Eajuwl,1,عجولا
Eala`ma`t,1,وعلامات
Ealaq,1,علق
Eamiyq,1,عميق
Eamor,1,لعمرك
Eanat,1,العنت
Eanati,1,وعنت
Eaqadato,1,عقدت
Eaq~ad,1,عقدتم
Earafa`t,1,عرفات
Earim,1,العرم
EariyD,1,عريض
Ear~aDo,1,عرضتم
Easal,1,عسل
Easir,1,عسر
EasoEasa,1,عسعس
EawaAn,1,عوان
Eayolap,1,عيلة
Eazalo,1,عزلت
Eaz~a,1,وعزني
Eaz~azo,1,فعززنا
Ei$aAr,1,العشار
Ei$oruwn,1,عشرون
EiDiyn,1,عضين
EiSam,1,بعصم
EiSoyaAn,1,والعصيان
EiTof,1,عطفه
Eiforiyt,1,عفريت
EimaAd,1,العماد
EimaArap,1,وعمارة
Eiyd,1,عيدا
Eiziyn,1,عزين
Eiz~,1,عزا
EuT~ilato,1,عطلت
Eud~ap,1,عدة
EujaAb,1,عجاب
Eum~iyato,1,فعميت
Euqob,1,عقبا
Euquwd,1,بالعقود
EuroDap,1,عرضة
Eurojuwn,1,كالعرجون
Eurub,1,عربا
EusoraY`,1,للعسرى
Eutul~,1,عتل
Euvira,1,عثر
Euzayor,1,عزير
HaADir,1,حاضرا
HaADiriY,1,حاضري
HaA^f~iyn,1,حافين
HaA^j~,1,الحاج
HaAfirap,1,الحافرة
HaAjiz,1,حاجزا
HaAm,1,حام
HaAsid,1,حاسد
HaSaAd,1,حصاده
HaSab,1,حصب
HaSad,1,حصدتم
HaSiyr,1,حصيرا
HaSoHaSa,1,حصحص
HaSuwr,1,وحصورا
Ha`*iruwn,1,حاذرون
Ha`jiziyn,1,حاجزين
Ha`miduwn,1,الحامدون
Ha`mila`t,1,فالحاملات
Ha`miliyn,1,بحاملين
Hab~aba,1,حبب
Hadab,1,حدب
Hafadap,1,وحفدة
Hafafo,1,وحففناهما
Haj~a,1,حج
Hala`^}il,1,وحلائل
Hal~aAf,1,حلاف
Hami}ap,1,حمئة
Hamuwlap,1,حمولة
Ham~aAlap,1,حمالة
HanaAn,1,وحنانا
Haniy*,1,حنيذ
Haqiyq,1,حقيق
HaraD,1,حرضا
Haras,1,حرسا
HariyS,1,حريص
Harod,1,حرد
Harof,1,حرف
Haruwr,1,الحرور
Hasad,1,حسدا
Hasiyr,1,حسير
Hasiys,1,حسيسها
Hasorat,1,يا
HasorataY`,1,يا
Hatom,1,حتما
Haviyv,1,حثيثا
HawaAyaA^,1,الحوايا
HayawaAn,1,الحيوان
HayoraAn,1,حيران
Hay~ap,1,حية
HidaAd,1,حداد
Hijaj,1,حجج
Hij~,1,حج
Hinv,1,الحنث
Hiwal,1,حولا
Hiylap,1,حيلة
HuSuwn,1,حصونهم
HuS~ila,1,وحصل
Hubuk,1,الحبك
Huforap,1,حفرة
Hujura`t,1,الحجرات
Hujuwr,1,حجوركم
Huk~aAm,1,الحكام
Huliy~,1,حليهم
Huloquwm,1,الحلقوم
Humor,1,وحمر
Hunayon,1,حنين
Huqub,1,حقبا
Husonayayon,1,الحسنيين
Husuwm,1,حسوما
Huwb,1,حوبا
SaAbirap,1,صابرة
SaAbiru,1,وصابروا
SaAl,1,صال
SaEad,1,صعدا
SaEiq,1,صعقا
SaEuwd,1,صعودا
Sa`mituwn,1,صامتون
Sa`rimiyn,1,صارمين
SabaAH,1,صباح
Sab~,1,صبا
Sab~aHa,1,صبحهم
Sadiyd,1,صديد
Saduqa`t,1,صدقاتهن
SafoSaf,1,صفصفا
SaforaA^',1,صفراء
SafowaAn,1,صفوان
SagaAr,1,صغار
Sak~ato,1,فصكت
Salod,1,صلدا
Sal~u,1,صلوه
SanoEap,1,صنعة
Sariyx,1,صريخ
SaroEaY`,1,صرعى
Sarof,1,صرفا
Sar~ap,1,صرة
SawaA^f~,1,صواف
SawaAb,1,صوابا
Sawa`miE,1,صوامع
Sawom,1,صوما
SayaASiy,1,صياصيهم
Say~ib,1,كصيب
SiHaAf,1,بصحاف
Sibog,1,وصبغ
Sid~iyqap,1,صديقة
Sihor,1,وصهرا
Siliy~,1,صليا
Sir~,1,صر
Suduwd,1,صدودا
Sud~u,1,وصدوا
Sufor,1,صفر
Suro,1,فصرهن
SuwaAE,1,صواع
S~aA^f~uwn,1,الصافون
S~aA^x~ap,1,الصاخة
S~a`^}ima`t,1,والصائمات
S~a`^}imiyn,1,والصائمين
S~a`bira`t,1,والصابرات
S~a`diqa`t,1,والصادقات
S~a`fina`t,1,الصافنات
S~adafayon,1,الصدفين
S~adoE,1,الصدع
S~afaA,1,الصفا
S~amad,1,الصمد
S~ariym,1,كالصريم
S~axor,1,الصخر
S~ayof,1,والصيف
TaAEim,1,طاعم
TaA^}iEiyn,1,طائعين
TaEanu,1,وطعنوا
TaEom,1,طعمه
TaEon,1,وطعنا
TaHaY`,1,طحاها
TaY~,1,كطي
TagowaY`,1,بطغواها
Talab,1,طلبا
TaloH,1,وطلح
Tal~,1,فطل
Taw~aEato,1,فطوعت
Taw~a`fuwn,1,طوافون
TuwbaY`,1,طوبى
Tuwl,1,طولا
T~aA^m~ap,1,الطامة
T~aAgiyap,1,بالطاغية
T~aAlib,1,الطالب
T~awod,1,كالطود
ZaEon,1,ظعنكم
Zama>,1,ظمأ
Zihoriy~,1,ظهريا
Zufur,1,ظفر
Z~aA^n~iyn,1,الظانين
Z~ahiyrap,1,الظهيرة
Z~amo_#aAn,1,الظمآن
baATinap,1,وباطنة
baA^}is,1,البائس
baAbil,1,ببابل
baAd,1,والباد
baAdiY,1,بادي
baAduwn,1,بادون
baAq,1,باق
baArizap,1,بارزة
baAsiqa`t,1,باسقات
baAsirap,1,باسرة
baAzig,1,بازغا
baAzigap,1,بازغة
baEol2,1,بعلا
baEuwDap,1,بعوضة
baHiyrap,1,بحيرة
baSal,1,وبصلها
baTala,1,وبطل
baTar,1,بطرا
baTirato,1,بطرت
ba_#iys,1,بئيس
ba`Eido,1,باعد
ba`rizuwn,1,بارزون
badal,1,بدلا
badan,1,ببدنك
bador,1,ببدر
badow,1,البدو
bahojap,1,بهجة
bak~ap,1,ببكة
baliyg,1,بليغا
ban~aA^',1,بناء
baqol,1,بقلها
baraA^',1,براء
barad,1,برد
bariqa,1,برق
basara,1,وبسر
basoT,1,البسط
bas~,1,بسا
bav~,1,بثي
bawaAr,1,البوار
bayoD,1,بيض
bay~in,1,بين
bidaAr,1,وبدارا
bidoE,1,بدعا
bigaA^',1,البغاء
bigaAl,1,والبغال
bisaAT,1,بساطا
biyaE,1,وبيع
bi}or,1,وبئر
budon,1,والبدن
bukiy~,1,وبكيا
buqoEap,1,البقعة
bus~ati,1,وبست
da>ab,1,دأبا
daAHiDap,1,داحضة
daA^}ibayon,1,دائبين
daAfiq,1,دافق
daAn,1,دان
daEo,1,ودع
daE~,1,دعا
daHaY`,1,دحاها
dak~aA^',1,دكاء
dak~ap,1,دكة
daliyl,1,دليلا
dalow,1,دلوه
damodama,1,فدمدم
dara`him,1,دراهم
darak,1,دركا
das~aY`,1,دساها
day~aAr,1,ديارا
difo',1,دفء
dihaAq,1,دهاقا
diraAsat,1,دراستهم
diynaAr,1,بدينار
duHuwr,1,دحورا
duluwk,1,لدلوك
dur~iY~,1,دري
dusur,1,ودسر
duwlap,1,دولة
d~arok,1,الدرك
d~awaA^}ir,1,الدوائر
d~ihaAn,1,كالدهان
d~uhon,1,بالدهن
faA,1,فاه
faAjir,1,فاجرا
faAn,1,فان
faAqiE,1,فاقع
faAqirap,1,فاقرة
faAriD,1,فارض
faAriqu,1,فارقوهن
faEolat,1,فعلتك
faSiylat,1,وفصيلته
faZ~,1,فظا
fa`Siliyn,1,الفاصلين
fa`rig,1,فارغا
fa`rihiyn,1,فارهين
fa`riqa`t,1,فالفارقات
fa`tiHiyn,1,الفاتحين
fa`tiniyn,1,بفاتنين
fadayo,1,وفديناه
fah~amo,1,ففهمناها
fajowap,1,فجوة
fakihiyn,1,فكهين
fak~,1,فك
fak~ara,1,فكر
falaq,1,الفلق
faqor,1,الفقر
fara$o,1,فرشناها
faraA$,1,كالفراش
fariy~,1,فريا
faro$,1,وفرشا
faroE,1,وفرعها
faroq,1,فرقا
farov,1,فرث
fatFY,1,فتى
fataqo,1,ففتقناهما
fatayaAn,1,فتيان
fatorap,1,فترة
fat~aAH,1,الفتاح
fawaAq,1,فواق
fawor,1,فورهم
fawot,1,فوت
fax~aAr,1,كالفخار
fiEol,1,فعل
fiTorat,1,فطرت
fidaA^',1,فداء
firoq,1,فرق
firoqap,1,فرقة
fiyl,1,الفيل
fi}at,1,فئتكم
fuTuwr,1,فطور
fujuwr,1,فجورها
fulaAn,1,فلانا
furijato,1,فرجت
furuT,1,فرطا
futuwn,1,فتونا
fuwm,1,وفومها
fuz~iEa,1,فزع
gaA^}iZuwn,1,لغائظون
gaA^}ibap,1,غائبة
gaAr,1,الغار
gaAsiq,1,غاسق
gaSob,1,غصبا
ga`fila`t,1,الغافلات
ga`rimiyn,1,والغارمين
gabarap,1,غبرة
gadaA^',1,غداءنا
gadaq,1,غدقا
galab,1,غلبهم
galoY,1,كغلي
gal~aqati,1,وغلقت
gamara`t,1,غمرات
garaAbiyb,1,وغرابيب
garaAm,1,غراما
garaq,1,الغرق
garobiY~,1,الغربي
garobiy~ap,1,غربية
garoq,1,غرقا
gasaq,1,غسق
gawiY~,1,لغوي
gawol,1,غول
gaw~aAS,1,وغواص
gazol,1,غزلها
giloZap,1,غلظة
gisoliyn,1,غسلين
guS~ap,1,غصة
guforaAn,1,غفرانك
gulob,1,غلبا
gum~ap,1,غمة
gurufa`t,1,الغرفات
guz~FY,1,غزى
haA^&um,1,هاؤم
haAmidap,1,هامدة
haAr,1,هار
haAwiyap,1,هاوية
haDiym,1,هضيم
haDom,1,هضما
ha`diY,1,بهادي
ha`ka*aA,1,أهكذا
ha`ruwt,1,هاروت
ha`tayon,1,هاتين
had~,1,هدا
hajor,1,هجرا
haluwE,1,هلوعا
hamaza`t,1,همزات
hamos,1,همسا
ham~aAz,1,هماز
harab,1,هربا
hawon,1,هونا
hayota,1,هيت
hazol,1,بالهزل
hiym,1,الهيم
hudohud,1,الهدهد
hud~imato,1,لهدمت
humazap,1,همزة
huz~i,1,وهزي
ja*owap,1,جذوة
jaA^}ir,1,جائر
jaAbu,1,جابوا
jaAmidap,1,جامدة
jaAsu,1,فجاسوا
jaAviyap,1,جاثية
jaAz,1,جاز
ja`hiliy~ap,1,الجاهلية
ja`riya`t,1,فالجاريات
jabiyn,1,للجبين
jad~,1,جد
jahuwl,1,جهولا
jalaA^',1,الجلاء
jala`biyb,1,جلابيبهن
jamaAl,1,جمال
jamal,1,الجمل
jam~,1,جما
janaY,1,وجنى
janaf,1,جنفا
janiy~,1,جنيا
jan~a,1,جن
jaraHo,1,جرحتم
jawaAb2,1,كالجواب
jawaAriH,1,الجوارح
jawof,1,جوفه
jaw~,1,جو
jaziEo,1,أجزعنا
jazuwE,1,جزوعا
jibaAh,1,جباههم
jibot,1,بالجبت
jifaAn,1,وجفان
jihaAr,1,جهارا
jima`lat,1,جمالت
jiyaAd,1,الجياد
jiyd,1,جيدها
jizoyap,1,الجزية
ju*a`*,1,جذاذا
judad,1,جدد
judur,1,جدر
jufaA^',1,جفاء
juhod,1,جهدهم
jumolap,1,جملة
jumuEap,1,الجمعة
juruf,1,جرف
juruwH,1,والجروح
juwdiY~,1,الجودي
ka$of,1,كشف
kaA$ifap,1,كاشفة
kaAdiH,1,كادح
kaAf,1,بكاف
kaAfirap,1,كافرة
kaAfuwr,1,كافورا
kaAmilayon,1,كاملين
kaAtibu,1,فكاتبوهم
kaEobayon,1,الكعبين
ka`$ifa`t,1,كاشفات
ka`liHuwn,1,كالحون
kabad,1,كبد
kadoH,1,كدحا
kafiyl,1,كفيلا
kaf~ala,1,وكفلها
kal~,1,كل
kanuwd,1,لكنود
kar~aha,1,وكره
kasaAd,1,كسادها
kaviyb,1,كثيبا
kav~ara,1,فكثركم
kawaAEib,1,وكواعب
kawaAfir,1,الكوافر
kawovar,1,الكوثر
kifaAt,1,كفاتا
kilaA,1,كلاهما
kilotaA,1,كلتا
kisof,1,كسفا
kita`biY,1,بكتابي
ku$iTato,1,كشطت
kubaraA^',1,وكبراءنا
kubokibu,1,فكبكبوا
kub~aAr,1,كبارا
kub~ato,1,فكبت
kuforaAn,1,كفران
kufuw,1,كفوا
kun~as,1,الكنس
laA^}im,1,لائم
laAhiyap,1,لاهية
laAta,1,ولات
laEon,1,لعنا
laHon,1,لحن
laZaY`,1,لظى
la`giyap,1,لاغية
la`qiy,1,لاقيه
labos,1,لبس
labuws,1,لبوس
lafiyf,1,لفيفا
lawa`qiH,1,لواقح
lawomap,1,لومة
law~a,1,لووا
law~aAHap,1,لواحة
lay~,1,ليا
liHoyat,1,بلحيتي
libad,1,لبدا
liwaA*,1,لواذا
luj~ap,1,لجة
l~aAzib,1,لازب
l~a`Einuwn,1,اللاعنون
l~a`biviyn,1,لابثين
l~amam,1,اللمم
l~am~,1,لما
l~aw~aAmap,1,اللوامة
l~ay~in,1,لينا
l~iynap,1,لينة
l~ubad,1,لبدا
l~ud~,1,لدا
l~uj~iY~,1,لجي
l~umazap,1,لمزة
ma$oEar,1,المشعر
ma$oy,1,مشيك
ma*o'uwm,1,مذءوما
ma>oman,1,مأمنه
ma>omuwn,1,مأمون
ma>otiy~N,1,مأتيا
maAEuwn,1,الماعون
maEaA$,1,معاشا
maEaA*iyr,1,معاذيره
maEaAd,1,معاد
maEokuwf,1,معكوفا
maEomuwr,1,المعمور
maEoz,1,المعز
maEozil,1,معزل
maEozuwluwn,1,لمعزولون
maHab~ap,1,محبة
maHo$uwrap,1,محشورة
maHo*uwr,1,محذورا
maHoZuwr,1,محظورا
maHojuwbuwn,1,لمحجوبون
maSaAniE,1,مصانع
maSorif,1,مصرفا
maSoruwf,1,مصروفا
maTolaE,1,مطلع
maToliE,1,مطلع
maToluwb,1,والمطلوب
maTowiy~a`t,1,مطويات
maZoluwm,1,مظلوما
ma_#aArib,1,مآرب
ma`hiduwn,1,الماهدون
ma`lik2,1,يا
ma`ruwt,1,وماروت
mabolag,1,مبلغهم
mabosuwTataAn,1,مبسوطتان
mabovuwv,1,المبثوث
mabovuwvap,1,مبثوثة
madad,1,مددا
mafaAz,1,مفازا
mafar~,1,المفر
mafotuwn,1,المفتون
maga`ra`t,1,مغارات
mago$iY~,1,المغشي
magoDuwb,1,المغضوب
magoluwb,1,مغلوب
mahojuwr,1,مهجورا
mahomaA,1,مهما
mahozuwm,1,مهزوم
mah~ad,1,ومهدت
maja`lis,1,المجالس
majo*uw*,1,مجذوذ
majorY`,1,مجراها
majuws,1,والمجوس
makiyduwn,1,المكيدون
mako*uwb,1,مكذوب
makoZuwm,1,مكظوم
makoruwh,1,مكروها
makotuwb,1,مكتوبا
mak~ap,1,مكة
maliyk,1,مليك
maliy~,1,مليا
maloEuwnap,1,الملعونة
malok,1,بملكنا
mamonuwEap,1,ممنوعة
manTiq,1,منطق
manaAS,1,مناص
manaAkib,1,مناكبها
manaw`p,1,ومناة
manfuw$,1,المنفوش
manquwS,1,منقوص
manuwE,1,منوعا
manuwn,1,المنون
maqaAbir,1,المقابر
maqiyl,1,مقيلا
maqoTuwE,1,مقطوع
maqoTuwEap,1,مقطوعة
maqobuwHiyn,1,المقبوحين
maqorabap,1,مقربة
maraADiE,1,المراضع
maraAfiq,1,المرافق
maradu,1,مردوا
mariDo,1,مرضت
maroDiy~,1,مرضيا
maroHamap,1,بالمرحمة
maroSad,1,مرصد
marofuwE,1,المرفوع
marofuwd,1,المرفود
marojuwmiyn,1,المرجومين
marojuw~,1,مرجوا
marowap,1,والمروة
mar~,1,مر
mar~a`t,1,مرات
masaAq,1,المساق
masaxo,1,لمسخناهم
masoH,1,مسحا
masogabap,1,مسغبة
masojuwniyn,1,المسجونين
masojuwr,1,المسجور
masokuwnap,1,مسكونة
matorabap,1,متربة
mavaAbap,1,مثابة
mavobuwr,1,مثبورا
mavula`t,1,المثلات
mawaATin,1,مواطن
mawa`liy,1,ومواليكم
mawa`qiE,1,بمواقع
mawo'udap,1,الموءودة
mawoEuwd,1,الموعود
mawoTi},1,موطئا
mawoquw*ap,1,والموقوذة
mawoquwfuwn,1,موقوفون
mawor,1,مورا
maworuwd,1,المورود
mawo}il,1,موئلا
maxaAD,1,المخاض
maxoraj,1,مخرجا
mayosarap,1,ميسرة
mi$okaw`p,1,كمشكاة
miEo$aAr,1,معشار
miHaAl,1,المحال
midaAd,1,مدادا
minohaAj,1,ومنهاجا
minsa>at,1,منسأته
miraA^',1,مراء
mir~ap,1,مرة
misaAs,1,مساس
misok,1,مسك
miykaY`l,1,وميكال
mu$otabih,1,مشتبها
mu&al~afap,1,والمؤلفة
mu&otuwn,1,والمؤتون
mu*ak~ir,1,مذكر
mu*oEiniyn,1,مذعنين
muDaA^r~,1,مضار
muDiy~,1,مضيا
muDoEifuwn,1,المضعفون
muDoTar~,1,المضطر
muEa*~iruwn,1,المعذرون
muEal~am,1,معلم
muEal~aqap,1,كالمعلقة
muEaq~ib,1,معقب
muEaq~iba`t,1,معقبات
muEaw~iqiyn,1,المعوقين
muEoSira`t,1,المعصرات
muEotabiyn,1,المعتبين
muEotar~,1,والمعتر
muHal~iqiyn,1,محلقين
muHar~amap,1,محرمة
muHar~ar,1,محررا
muHil~iY,1,محلي
muHosina`t,1,للمحسنات
muHotaZir,1,المحتظر
muSal~FY,1,مصلى
muSaw~ir,1,المصور
muSiyb,1,مصيبها
muSoTafayon,1,المصطفين
muS~ad~iqa`t,1,والمصدقات
muS~ad~iqiyn,1,المصدقين
muTaf~ifiyn,1,للمطففين
muTah~aruwn,1,المطهرون
muTah~ir,1,ومطهرك
muT~ah~iriyn,1,المطهرين
muT~aw~iEiyn,1,المطوعين
muba$~ira`t,1,مبشرات
muba*~iriyn,1,المبذرين
mubar~a'uwn,1,مبرءون
mubaw~a>,1,مبوأ
muboEaduwn,1,مبعدون
mubodiy,1,مبديه
muborimuwn,1,مبرمون
mudab~ira`t,1,فالمدبرات
mudoHaDiyn,1,المدحضين
mudohaA^m~ataAn,1,مدهامتان
mudorakuwn,1,لمدركون
mud~at,1,مدتهم
mud~av~ir,1,المدثر
mud~axal,1,مدخلا
mufaS~al,1,مفصلا
mufotar,1,مفتر
mufotaraya`t,1,مفتريات
muga`Dib,1,مغاضبا
mugay~ir,1,مغيرا
mugiyra`t,1,فالمغيرات
mugoramuwn,1,لمغرمون
mugotasal,1,مغتسل
muhaAn,1,مهانا
muha`jira`t,1,مهاجرات
muholakiyn,1,المهلكين
muholikiY,1,مهلكي
muhotadiY,1,المهتدي
mukaA^',1,مكاء
mukal~ibiyn,1,مكلبين
mukib~,1,مكبا
mukov,1,مكث
mula`q,1,ملاق
muloqiya`t,1,فالملقيات
mumid~,1,ممدكم
mumosik,1,ممسك
mumosika`t,1,ممسكات
mun$a_#aAt,1,المنشآت
mun$ariyn,1,بمنشرين
mun$i_#uwn,1,المنشئون
munaAd,1,المناد
munaAdiy,1,مناديا
munaz~al,1,منزل
munaz~il,1,منزلها
munfaTir,1,منفطر
munfak~iyn,1,منفكين
munfiqiyn,1,والمنفقين
munoxaniqap,1,والمنخنقة
muqaAmap,1,المقامة
muqaS~iriyn,1,ومقصرين
muqad~asap,1,المقدسة
muqanTarap,1,المقنطرة
muqas~ima`t,1,فالمقسمات
muqoniEiY,1,مقنعي
muqoriniyn,1,مقرنين
muqotariniyn,1,مقترنين
muqotasimiyn,1,المقتسمين
muqotir,1,المقتر
muqowiyn,1,للمقوين
mura`gam,1,مراغما
muroDiEap,1,مرضعة
murodifiyn,1,مردفين
murojawon,1,مرجون
murojifuwn,1,والمرجفون
murosala`t,1,والمرسلات
murosilap,1,مرسلة
musa`fiHa`t,1,مسافحات
musaw~imiyn,1,مسومين
musax~ar,1,المسخر
musiY^',1,المسيء
musomaE,1,مسمع
musomiE,1,بمسمع
musotaTiyr,1,مستطيرا
musota_#onisiyn,1,مستأنسين
musota_#oxiriyn,1,المستأخرين
musotabiyn,1,المستبين
musotaboSiriyn,1,مستبصرين
musotagofiriyn,1,والمستغفرين
musotamosikuwn,1,مستمسكون
musotaqodimiyn,1,المستقدمين
musotasolimuwn,1,مستسلمون
musotaxof,1,مستخف
musotayoqiniyn,1,بمستيقنين
muta$a`kisuwn,1,متشاكسون
mutaEaAl,1,المتعال
mutaHar~if,1,متحرفا
mutaHay~iz,1,متحيزا
mutaSad~iqa`t,1,والمتصدقات
mutaTah~iriyn,1,المتطهرين
mutabar~ija`t,1,متبرجات
mutab~ar,1,متبر
mutajaAnif,1,متجانف
mutakal~ifiyn,1,المتكلفين
mutalaq~iyaAn,1,المتلقيان
mutana`fisuwn,1,المتنافسون
mutaqal~ab,1,متقلبكم
mutarad~iyap,1,والمتردية
mutawaf~iy,1,متوفيك
mutawas~imiyn,1,للمتوسمين
mutim~,1,متم
mut~aka_#,1,متكأ
muvolaY`,1,المثلى
muvoqalap,1,مثقلة
muwaf~uw,1,لموفوهم
muwal~iy,1,موليها
muwfuwn,1,والموفون
muwhin,1,موهن
muwqadap,1,الموقدة
muwriya`t,1,فالموريات
muxoDar~ap,1,مخضرة
muxobitiyn,1,المخبتين
muxolif,1,مخلف
muxosiriyn,1,المخسرين
muxoziY,1,مخزي
muzaHoziH,1,بمزحزحه
muzodajar,1,مزدجر
muzon,1,المزن
muz~am~il,1,المزمل
m~a$iyd,1,مشيد
m~a$ohad,1,مشهد
m~a$~aA^',1,مشاء
m~a*okuwr,1,مذكورا
m~a>okuwl,1,مأكول
m~aAniEat,1,مانعتهم
m~aArid,1,مارد
m~aArij,1,مارج
m~aEar~ap,1,معرة
m~aEoduwd,1,معدود
m~aEoruwfap,1,معروفة
m~aHa`riyb,1,محاريب
m~aHomuwd,1,محمودا
m~aHosuwr,1,محسورا
m~aboniy~ap,1,مبنية
m~ahiyl,1,مهيلا
m~aloEuwniyn,1,ملعونين
m~amoluwk,1,مملوكا
m~aniY~,1,مني
m~ansiy~,1,منسيا
m~aqa`miE,1,مقامع
m~aqoSuwra`t,1,مقصورات
m~aqobuwDap,1,مقبوضة
m~aqoduwr,1,مقدورا
m~aqosuwm,1,مقسوم
m~ariy^_#,1,مريئا
m~ariyj,1,مريج
m~aroDiy~ap,1,مرضية
m~aroSuwS,1,مرصوص
m~arokuwm,1,مركوم
m~aroqad,1,مرقدنا
m~asad,1,مسد
m~asofuwH,1,مسفوحا
m~asokuwb,1,مسكوب
m~asotuwr,1,مستورا
m~awoDuwEap,1,موضوعة
m~awoDuwnap,1,موضونة
m~awoEidap,1,موعدة
m~awobiq,1,موبقا
m~awofuwr,1,موفورا
m~awoquwt,1,موقوتا
m~awozuwn,1,موزون
m~axo*uwl,1,مخذولا
m~axoDuwd,1,مخضود
m~axotuwm,1,مختوم
m~ayolap,1,ميلة
m~ayosuwr,1,ميسورا
m~ilo',1,ملء
m~irofaq,1,مرفقا
m~u$ay~adap,1,مشيدة
m~u&aj~al,1,مؤجلا
m~u*abo*abiyn,1,مذبذبين
m~uDa`Eafap,1,مضاعفة
m~uEaT~alap,1,معطلة
m~uEam~ar,1,معمر
m~uHaS~anap,1,محصنة
m~uHokama`t,1,محكمات
m~uHokamap,1,محكمة
m~uHotaDar,1,محتضر
m~uSaf~FY,1,مصفى
m~uTaAE,1,مطاع
m~uT~aliEuwn,1,مطلعون
m~udohinuwn,1,مدهنون
m~ufaS~ala`t,1,مفصلات
m~ufat~aHap,1,مفتحة
m~uforaTuwn,1,مفرطون
m~ujotamiEuwn,1,مجتمعون
m~ukar~amap,1,مكرمة
m~ukorim,1,مكرم
m~umad~adap,1,ممددة
m~umar~ad,1,ممرد
m~umoTir,1,ممطرنا
m~una$~arap,1,منشرة
m~unbav~,1,منبثا
m~unkirap,1,منكرة
m~unohamir,1,منهمر
m~unqaEir,1,منقعر
m~unta$ir,1,منتشر
m~untahuwn,1,منتهون
m~uqiyt,1,مقيتا
m~uqomaHuwn,1,مقمحون
m~uqotaHim,1,مقتحم
m~uqotaSidap,1,مقتصدة
m~uqotaduwn,1,مقتدون
m~uqotarifuwn,1,مقترفون
m~uro$id,1,مرشدا
m~urotaAb,1,مرتاب
m~urotaqibuwn,1,مرتقبون
m~usan~adap,1,مسندة
m~usofirap,1,مسفرة
m~usolimap,1,مسلمة
m~usotaTar,1,مستطر
m~usotabo$irap,1,مستبشرة
m~usotanfirap,1,مستنفرة
m~usotaqobil,1,مستقبل
m~usotaxolafiyn,1,مستخلفين
m~usowad~ap,1,مسودة
m~utaSad~iE,1,متصدعا
m~utafar~iqap,1,متفرقة
m~utafar~iquwn,1,متفرقون
m~utaja`wira`t,1,متجاورات
m~utaraAkib,1,متراكبا
m~uwS,1,موص
m~uwaAqiEuw,1,مواقعوها
m~uzojaY`p,1,مزجاة
na$oT,1,نشطا
na$or,1,نشرا
naA$i}ap,1,ناشئة
naAj,1,ناج
naAkisuwA,1,ناكسو
naAsikuw,1,ناسكوه
naDijato,1,نضجت
naD~aAxataAn,1,نضاختان
naEolay,1,نعليك
naEomaA^',1,نعماء
naE~ama,1,ونعمه
naHob,1,نحبه
naHos,1,نحس
naTowiY,1,نطوي
naZar,1,نظر
naZirap,1,فنظرة
naZorap,1,نظرة
na`jayo,1,ناجيتم
na`kibuwn,1,لناكبون
nabotahilo,1,نبتهل
nadiy~,1,نديا
nafa$ato,1,نفشت
nafaq,1,نفقا
nafaqa`t,1,نفقاتهم
nafiyr,1,نفيرا
nafoHap,1,نفحة
nafoxap,1,نفخة
najas,1,نجس
nakid,1,نكدا
nakira,1,نكرهم
nak~iru,1,نكروا
namaAriq,1,ونمارق
namiym,1,بنميم
namiyru,1,ونمير
namolap,1,نملة
naqiyb,1,نقيبا
naqoE,1,نقعا
naqob,1,نقبا
naqotabiso,1,نقتبس
naq~abu,1,فنقبوا
nasimu,1,سنسمه
nasiy~,1,نسيا
nasofaEF[,1,لنسفعا
nasolaxu,1,نسلخ
nasor,1,ونسرا
nasotansixu,1,نستنسخ
nasoy,1,نسيا
natajaAwazu,1,ونتجاوز
nataqo,1,نتقنا
naxozaY`,1,ونخزى
nazolap,1,نزلة
naz~aAEap,1,نزاعة
niHolap,1,نحلة
nu*or,1,نذرا
nu*uwr,1,نذورهم
nuHaAs,1,ونحاس
nuSoH,1,نصحي
nuSob,1,بنصب
nudaAwilu,1,نداولها
nuja`ziY^,1,نجازي
nukisu,1,نكسوا
nun$izu,1,ننشزها
nunak~iso,1,ننكسه
nuqad~isu,1,ونقدس
nuqira,1,نقر
nuqori}u,1,سنقرئك
nusoxat,1,نسختها
n~a*il~a,1,نذل
n~aADirap,1,ناضرة
n~aAEimap,1,ناعمة
n~aASibap,1,ناصبة
n~aAhuwn,1,والناهون
n~aAquwr,1,الناقور
n~aDiyd,1,نضيد
n~aHisaAt,1,نحسات
n~aHol,1,النحل
n~aSuwH,1,نصوحا
n~aTiyHap,1,والنطيحة
n~a`$iTa`t,1,والناشطات
n~a`$ira`t,1,والناشرات
n~a`ziEa`t,1,والنازعات
n~abora>a,1,نبرأها
n~afaAd,1,نفاد
n~af~a`va`t,1,النفاثات
n~ajaw`p,1,النجاة
n~ajodayon,1,النجدين
n~akiyr,1,نكير
n~asiY^',1,النسيء
n~awaY`,1,والنوى
n~awa`SiY,1,بالنواصي
n~axirap,1,نخرة
n~ayol,1,نيلا
n~ukur,1,نكر
n~uwn,1,النون
qaAD,1,قاض
qaADiyap,1,القاضية
qaAE,1,قاعا
qaASid,1,قاصدا
qaASif,1,قاصفا
qaATiEap,1,قاطعة
qaA^}iluwn,1,قائلون
qaAb,1,قاب
qaAbil,1,وقابل
qaAliyn,1,القالين
qaAniE,1,القانع
qaAsama,1,وقاسمهما
qaDob,1,وقضبا
qaEiyd,1,قعيد
qaSamo,1,قصمنا
qaSiy~,1,قصيا
qaSod,1,قصد
qaTiraAn,1,قطران
qa`niTiyn,1,القانطين
qabaA^}il,1,وقبائل
qaboD,1,قبضا
qabuwl,1,بقبول
qadoH,1,قدحا
qalaY`,1,قلى
qaliylap,1,قليلة
qal~a,1,قل
qamoTariyr,1,قمطريرا
qanuwT,1,قنوط
qasowap,1,قسوة
qasowarap,1,قسورة
qatar,1,قتر
qatarap,1,قترة
qatolaY,1,القتلى
qatuwr,1,قتورا
qawaAm,1,قواما
qawosayon,1,قوسين
qiTomiyr,1,قطمير
qiT~,1,قطنا
qidad,1,قددا
qinowaAn,1,قنوان
qis~iysiyn,1,قسيسين
qiv~aA^},1,وقثائها
qiyEap,1,بقيعة
qiyam,1,قيما
quSowaY`,1,القصوى
quduwr,1,وقدور
qum~al,1,والقمل
qurayo$,1,قريش
qurobap,1,قربة
quruba`t,1,قربات
quruw^',1,قروء
raA^d~iY,1,برادي
raAbiTu,1,ورابطوا
raAfiE,1,ورافعك
raAna,1,ران
raAq,1,راق
raDiy~,1,رضيا
raTob,1,رطب
raba`^}ib,1,وربائبكم
rabiHat,1,ربحت
radifa,1,ردف
radom,1,ردما
rafiyE,1,رفيع
rafiyq,1,رفيقا
raforaf,1,رفرف
ragab,1,رغبا
rahab,1,ورهبا
rahiyn,1,رهين
rahiynap,1,رهينة
rahobaAniy~ap,1,ورهبانية
rahobap,1,رهبة
rahow,1,رهوا
rajil,1,ورجلك
rajom,1,رجما
raj~,1,رجا
rakuwb,1,ركوبهم
rak~aba,1,ركبك
ramaAd,1,كرماد
ramaDaAn,1,رمضان
ramoz,1,رمزا
raq~,1,رق
ratoq,1,رتقا
rawaAH,1,ورواحها
rawaAkid,1,رواكد
rawoDaAt,1,روضات
rawoDap,1,روضة
ri'oy,1,ورئيا
riEaAyat,1,رعايتها
riHolap,1,رحلة
rib~iy~uwn,1,ربيون
rido',1,ردءا
riha`n,1,فرهان
rikaAb,1,ركاب
rikoz,1,ركزا
rimaAH,1,ورماحكم
riy$,1,وريشا
riyE,1,ريع
riybap,1,ريبة
ruHom,1,رحما
ruTab,1,رطبا
rujuwm,1,رجوما
ruj~ati,1,رجت
rukaAm,1,ركاما
rukobaAn,1,ركبانا
ruqiy~,1,لرقيك
ruquwd,1,رقود
ruwayod,1,رويدا
ruxaA^',1,رخاء
r~aAbiy,1,رابيا
r~aAbiyap,1,رابية
r~aAdifap,1,الرادفة
r~aAfiEap,1,رافعة
r~aAjifap,1,الراجفة
r~aHiyq,1,رحيق
r~a`$iduwn,1,الراشدون
r~ahob,1,الرهب
r~akob,1,والركب
r~aqiym,1,والرقيم
r~awoE,1,الروع
r~az~aAq,1,الرزاق
r~iEaA^',1,الرعاء
r~ib,1,ربا
r~ibaAT,1,رباط
r~ifod,1,الرفد
r~ub,1,ربما
r~ujoEaY`^,1,الرجعى
r~ujoz,1,والرجز
r~uwm,1,الروم
saAHat,1,بساحتهم
saA^}ibap,1,سائبة
saA^}iq,1,سائق
saAbiqu,1,سابقوا
saAhama,1,فساهم
saAkin,1,ساكنا
saAlato,1,فسالت
saAqiT,1,ساقطا
saArib,1,وسارب
saAwaY`,1,ساوى
saEiyd,1,وسعيد
saHiyq,1,سحيق
saH~aAr,1,سحار
sa`^}iHa`t,1,سائحات
sa`biga`t,1,سابغات
sa`limuwn,1,سالمون
sa`miduwn,1,سامدون
sa`mir,1,سامرا
saboq,1,سبقا
safah,1,سفها
safarap,1,سفرة
safiha,1,سفه
sajaY`,1,سجى
sakar,1,سكرا
sakata,1,سكت
salaf,1,سلفا
salaqu,1,سلقوكم
salosabiyl,1,سلسبيلا
samok,1,سمكها
sam~,1,سم
sanaA,1,سنا
sarab,1,سربا
sariy~,1,سريا
sawoT,1,سوط
saxaT,1,بسخط
sayonaA^',1,سيناء
sik~iyn,1,سكينا
sinap,1,سنة
sitor,1,سترا
sit~iyn,1,ستين
siyHu,1,فسيحوا
siyniyn,1,سينين
siyrat,1,سيرتها
su&aAl,1,بسؤال
su&ol,1,سؤلك
suEidu,1,سعدوا
suE~irato,1,سعرت
suHoq,1,فسحقا
suTiHato,1,سطحت
sudFY,1,سدى
suhuwl,1,سهولها
suj~irato,1,سجرت
suk~irato,1,سكرت
sunbul,1,سنبله
suqoya`,1,وسقياها
suraAdiq,1,سرادقها
suruwr,1,وسرورا
suwFY,1,سوى
suwaAE,1,سواعا
suwd,1,سود
suwr,1,بسور
suxoriy~,1,سخريا
s~aAHil,1,بالساحل
s~aAhirap,1,بالساهرة
s~aAriqap,1,والسارقة
s~a`^}iHuwn,1,السائحون
s~a`biHa`t,1,والسابحات
s~a`biqa`t,1,فالسابقات
s~a`xiriyn,1,الساخرين
s~abuE,1,السبع
s~araA^}ir,1,السرائر
s~arod,1,السرد
s~ijil~,1,السجل
s~ilom,1,السلم
s~ufolaY`,1,السفلى
s~uw^>aY`^,1,السوأى
ta$aAwur,1,وتشاور
ta$iyEa,1,تشيع
ta$otakiY^,1,وتشتكي
ta$oxaSu,1,تشخص
ta&uz~u,1,تؤزهم
ta*ohalu,1,تذهل
ta*okiyr,1,وتذكيري
ta*oliyl,1,تذليلا
ta*oruw,1,تذروه
ta*uwda,1,تذودان
ta>ojura,1,تأجرني
ta>osiru,1,وتأسرون
taDar~aEu,1,تضرعوا
taDoHaY`,1,تضحى
taDoliyl,1,تضليل
taEaATaY`,1,فتعاطى
taEaAsaro,1,تعاسرتم
taEaj~ala,1,تعجل
taEam~adato,1,تعمدت
taEiya,1,وتعيها
taEobavu,1,تعبثون
taEoburu,1,تعبرون
taEoraY`,1,تعرى
taEos,1,فتعسا
taEotad~u,1,تعتدونها
taEuwlu,1,تعولوا
taHaAwur,1,تحاوركما
taHaS~un,1,تحصنا
taHa`^D~u,1,تحاضون
taHar~a,1,تحروا
taHas~asu,1,فتحسسوا
taHil~ap,1,تحلة
taHiydu,1,تحيد
taHoliqu,1,تحلقوا
taHonavo,1,تحنث
taHoruvu,1,تحرثون
taHus~u,1,تحسونهم
taSad~aY`,1,تصدى
taSiyru,1,تصير
taSodiyap,1,وتصدية
taSoliyap,1,وتصلية
taTaAwala,1,فتطاول
taTohiyr,1,تطهيرا
taZoma&uA@,1,تظمأ
ta`^}iba`t,1,تائبات
tabaAb,1,تباب
tabaAr,1,تبارا
tabaAyaEo,1,تبايعتم
tabar~ajo,1,تبرجن
tabar~uj,1,تبرج
tabas~ama,1,فتبسم
tabat~alo,1,وتبتل
tabiyE,1,تبيعا
tabiyda,1,تبيد
tabo*iyr,1,تبذيرا
taboSirap,1,تبصرة
tabotiyl,1,تبتيلا
tadaAyan,1,تداينتم
tadal~aY`,1,فتدلى
taduwru,1,تدور
tad~axiru,1,تدخرون
tafaAxur,1,وتفاخر
tafa`wut,1,تفاوت
tafak~ahu,1,تفكهون
tafaq~ada,1,وتفقد
tafas~aHu,1,تفسحوا
tafav,1,تفثهم
tafoDaHu,1,تفضحون
taforiyq,1,وتفريقا
tafosiyr,1,تفسيرا
tafota&uA@,1,تفتأ
taga$~aY`,1,تغشاها
tagay~uZ,1,تغيظا
tagofulu,1,تغفلون
tagotasilu,1,تغتسلوا
tahaj~ado,1,فتهجد
tajas~asu,1,تجسسوا
tajuwEa,1,تجوع
tako*iyb,1,تكذيب
takobiyr,1,تكبيرا
takoliym,1,تكليما
tala*~u,1,وتلذ
talaZ~aY`,1,تلظى
talah~aY`,1,تلهى
talofaHu,1,تلفح
talofita,1,لتلفتنا
tal~a,1,وتله
tamaAm,1,تماما
tamav~ala,1,فتمثل
tamay~azu,1,تميز
tamohiyd,1,تمهيدا
tamoraHu,1,تمرحون
tan[butu,1,تنبت
tanaASaru,1,تناصرون
tanaAbazu,1,تنابزوا
tanaAda,1,فتنادوا
tanaf~asa,1,تنفس
taniya,1,تنيا
tankiyl,1,تنكيلا
tanuw^>u,1,لتنوء
taqaAsamu,1,تقاسموا
taqo$aEir~u,1,تقشعر
taqoSuru,1,تقصروا
taqofu,1,تقف
taqoharo,1,تقهر
taqotiyl,1,تقتيلا
taqowiym,1,تقويم
tarab~uS,1,تربص
tarad~aY`^,1,تردى
tarodaY`,1,فتردى
taroqaY`,1,ترقى
tasaw~aru,1,تسوروا
tasomiyap,1,تسمية
tasoniym,1,تسنيم
tasoraHu,1,تسرحون
tasoriyH,1,تسريح
tasota>onisu,1,تستأنسوا
tasotabiyna,1,ولتستبين
tasotaqosimu,1,تستقسموا
tasotaroDiEu,1,تسترضعوا
tasotatiru,1,تستترون
tasur~u,1,تسر
tatajaAfaY`,1,تتجافى
tataqal~abu,1,تتقلب
tatobiyb,1,تتبيب
tatoraA,1,تترى
tavoriyb,1,تثريب
tawaAEad,1,تواعدتم
tawaj~aha,1,توجه
tawoSiyap,1,توصية
tawokiyd,1,توكيدها
taxaASum,1,تخاصم
taxal~ato,1,وتخلت
taxaw~uf,1,تخوف
taxoDaEo,1,تخضعن
taxofiyf,1,تخفيف
taxosiyr,1,تخسير
taxowiyf,1,تخويفا
taxuT~u,1,تخطه
tazaw~adu,1,وتزودوا
tazay~alu,1,تزيلوا
tazodariY^,1,تزدري
tiboya`n,1,تبيانا
tilaAwat,1,تلاوته
tu$oTiTo,1,تشطط
tu$omito,1,تشمت
tu*il~u,1,وتذل
tuDay~iqu,1,لتضيقوا
tuEiz~u,1,وتعز
tuHar~iko,1,تحرك
tuSaE~iro,1,تصعر
tuSoEidu,1,تصعدون
tuba*~iro,1,تبذر
tuboqiY,1,تبقي
tudiyru,1,تديرونها
tufa`du,1,تفادوهم
tufan~idu,1,تفندون
tufat~aHu,1,تفتح
tugomiDu,1,تغمضوا
tukowaY`,1,فتكوى
tumaAri,1,تمار
tumosu,1,تمسون
tuqaY`p,1,تقاة
tuqolabu,1,تقلبون
turiyHu,1,تريحون
turohibu,1,ترهبون
tusa`qiTo,1,تساقط
tusaw~aY`,1,تسوى
tusiymu,1,تسيمون
tuwEidu,1,توعدون
tuwaq~iru,1,وتوقروه
tuwru,1,تورون
tuxaAfito,1,تخافت
tuxaAliTu,1,تخالطوهم
t~aEaf~uf,1,التعفف
t~a`^}ibuwn,1,التائبون
t~a`liya`t,1,فالتاليات
t~agaAbun,1,التغابن
t~aholukap,1,التهلكة
t~alaAq,1,التلاق
t~anaAd,1,التناد
t~anaAwu$,1,التناوش
t~aqoriDu,1,تقرضهم
t~araA^}ib,1,والترائب
t~araAqiY,1,التراقي
t~awob,1,التوب
t~aza`waru,1,تزاور
t~iyn,1,والتين
t~uraAv,1,التراث
vaAmin,1,وثامنهم
vaAwiy,1,ثاويا
vab~aTa,1,فثبطهم
vaj~aAj,1,ثجاجا
vama`niY,1,ثماني
vama`niyn,1,ثمانين
vamarap,1,ثمرة
vay~iba`t,1,ثيبات
vubaAt,1,ثبات
vubuwt,1,ثبوتها
vuw~iba,1,ثوب
v~aAlivap,1,الثالثة
v~araY`,1,الثرى
v~umun,1,الثمن
waAdiy,1,واديا
waAhiyap,1,واهية
waAjifap,1,واجفة
waAl,1,وال
waAvaqa,1,واثقكم
waHiyd,1,وحيدا
waSiyd,1,بالوصيد
waSiylap,1,وصيلة
waSof,1,وصفهم
waS~alo,1,وصلنا
waTo_#,1,وطئا
wa`EiZiyn,1,الواعظين
wa`Eiyap,1,واعية
wa`lida`t,1,والوالدات
wabiyl,1,وبيلا
wad~,1,ودا
wad~aEa,1,ودعك
wafod,1,وفدا
wah~aAj,1,وهاجا
wajabato,1,وجبت
wajilap,1,وجلة
wajiluwn,1,وجلون
wakaza,1,فوكزه
waliyjap,1,وليجة
waqaAr,1,وقارا
waqaba,1,وقب
waqoEat,1,لوقعتها
waraqap,1,ورقة
wariq,1,بورقكم
wariyd,1,الوريد
warodap,1,وردة
wasaT,1,وسطا
wasaTo,1,فوسطن
wasaqa,1,وسق
wasowaAs,1,الوسواس
watiyn,1,الوتين
wator,1,والوتر
wazar,1,وزر
wifaAq,1,وفاقا
wijohap,1,وجهة
wiqor,1,وقرا
wuHuw$,1,الوحوش
wud~,1,ودا
wujod,1,وجدكم
wusoTaY`,1,الوسطى
xa*uwl,1,خذولا
xaA^S~ap,1,خاصة
xaA^}iDiyn,1,الخائضين
xaA^}ibiyn,1,خائبين
xaAfiDap,1,خافضة
xaAfiyap,1,خافية
xaAliyap,1,الخالية
xaAsirap,1,خاسرة
xaAtam,1,وخاتم
xaDir,1,خضرا
xaSaASap,1,خصاصة
xaSimuwn,1,خصمون
xaTofap,1,الخطفة
xa`DiEiyn,1,خاضعين
xa`diE,1,خادعهم
xa`lifiyn,1,الخالفين
xa`ziniyn,1,بخازنين
xabato,1,خبت
xabo',1,الخبء
xabuva,1,خبث
xad~,1,خدك
xalaSu,1,خلصوا
xalaTu,1,خلطوا
xal~u,1,فخلوا
xamoT,1,خمط
xan~aAs,1,الخناس
xaraAb,1,خرابها
xaraAj,1,فخراج
xar~a`Suwn,1,الخراصون
xat~aAr,1,ختار
xiTo_#,1,خطئا
xiTobap,1,خطبة
xilofap,1,خلفة
xita`m,1,ختامه
xiyaAT,1,الخياط
xiyaAm,1,الخيام
xu$ub,1,خشب
xu$uwE,1,خشوعا
xuboz,1,خبزا
xulaTaA^',1,الخلطاء
xuluwd,1,الخلود
xul~ap,1,خلة
xul~ifu,1,خلفوا
xumur,1,بخمرهن
xumus,1,خمسه
xun~as,1,بالخنس
xuroTuwm,1,الخرطوم
ya$owiY,1,يشوي
ya>olu,1,يألونكم
ya>oni,1,يأن
ya>otali,1,يأتل
yaAbis,1,يابس
yaAquwt,1,الياقوت
yaEo$u,1,يعش
yaEoba&uA@,1,يعبأ
yaEokufu,1,يعكفون
yaEuwq,1,ويعوق
yaHiDo,1,يحضن
yaHiyfa,1,يحيف
yaHoTima,1,يحطمنكم
yaHomuwm,1,يحموم
yaHuwra,1,يحور
yaSoEadu,1,يصعد
yaSoTarixu,1,يصطرخون
yaSoduru,1,يصدر
yaSorimu,1,ليصرمنها
yaS~aE~adu,1,يصعد
yaS~ad~aEu,1,يصدعون
yaTiyru,1,يطير
yaTohuro,1,يطهرن
yaTolubu,1,يطلبه
ya_#uwdu,1,يئوده
yabas,1,يبسا
yabiytu,1,يبيتون
yaboHavu,1,يبحث
yadiynu,1,يدينون
yadomagu,1,فيدمغه
yadus~u,1,يدسه
yaforuTa,1,يفرط
yafotariy,1,يفترينه
yafoturu,1,يفترون
yagoliY,1,يغلي
yagotab,1,يغتب
yaguwSu,1,يغوصون
yaguwv,1,يغوث
yahiymu,1,يهيمون
yahojaEu,1,يهجعون
yajomaHu,1,يجمحون
yajur~u,1,يجره
yakola&u,1,يكلؤكم
yalito,1,يلتكم
yalofiZu,1,يلفظ
yalu,1,يلونكم
yamohadu,1,يمهدون
yamuwju,1,يموج
yanoE,1,وينعه
yanoEiqu,1,ينعق
yanqaD~a,1,ينقض
yaqoTiyn,1,يقطين
yaqoturu,1,يقتروا
yaro$udu,1,يرشدون
yarokuma,1,فيركمه
yarotaEo,1,يرتع
yarotaqu,1,فليرتقوا
yasoTu,1,يسطون
yasoTuru,1,يسطرون
yasobitu,1,يسبتون
yasolubo,1,يسلبهم
yasori,1,يسر
yasotaHosiru,1,يستحسرون
yasotaSorixu,1,يستصرخه
yasotan[biTu,1,يستنبطونه
yasotan[bi_#u,1,ويستنبئونك
yasotankiHa,1,يستنكحها
yasotanqi*u,1,يستنقذوه
yasotasoxiru,1,يستسخرون
yasotavonu,1,يستثنون
yasotawofu,1,يستوفون
yas~am~aEu,1,يسمعون
yataHaA^j~u,1,يتحاجون
yataHaAkamu,1,يتحاكموا
yatafaD~ala,1,يتفضل
yatafaj~aru,1,يتفجر
yatafaq~ahu,1,ليتفقهوا
yatafay~a&uA@,1,يتفيأ
yatagaAmazu,1,يتغامزون
yatagay~aro,1,يتغير
yatajan~abu,1,ويتجنبها
yatajar~aEu,1,يتجرعه
yatalaT~afo,1,وليتلطف
yatala`wamu,1,يتلاومون
yatamaT~aY`^,1,يتمطى
yatanaAfasi,1,فليتنافس
yatanaAha,1,يتناهون
yataraAjaEa,1,يتراجعا
yatarad~adu,1,يترددون
yatasal~alu,1,يتسللون
yatasan~aho,1,يتسنه
yataxab~aTu,1,يتخبطه
yataxal~afu,1,يتخلفوا
yatira,1,يتركم
yatiyhu,1,يتيهون
yat~aki_#u,1,يتكئون
yavonu,1,يثنون
yavorib,1,يثرب
yaxo*ulo,1,يخذلكم
yazif~u,1,يزفون
yu&olu,1,يؤلون
yu&ovaru,1,يؤثر
yuDa`hi_#u,1,يضاهئون
yuDay~ifu,1,يضيفوهما
yuEoZimo,1,ويعظم
yuHofi,1,فيحفكم
yuHomaY`,1,يحمى
yuHomadu,1,يحمدوا
yuSad~aEu,1,يصدعون
yuSoHabu,1,يصحبون
yuSodira,1,يصدر
yuSoharu,1,يصهر
yuTaw~aqu,1,سيطوقون
yuTiyqu,1,يطيقونه
yuToliEa,1,ليطلعكم
yubaS~aru,1,يبصرونهم
yubaT~i}a,1,ليبطئن
yubat~iku,1,فليبتكن
yubiynu,1,يبين
yubolisu,1,يبلس
yuda`fiEu,1,يدافع
yufat~aru,1,يفتر
yugaAvu,1,يغاثوا
yugaAvu2,1,يغاث
yujaAwiru,1,يجاورونك
yujan~abu,1,وسيجنبها
yujobaY`^,1,يجبى
yumas~iku,1,يمسكون
yuna$~a&uA@,1,ينشأ
yuna`ziEu,1,ينازعنك
yunfa,1,ينفوا
yunogiDu,1,فسينغضون
yuqal~ilu,1,ويقللكم
yuqoSiru,1,يقصرون
yuroDiEo,1,يرضعن
yusiygu,1,يسيغه
yusoHita,1,فيسحتكم
yusojaru,1,يسجرون
yusominu,1,يسمن
yuwSiy,1,يوصين
yuwaATi_#u,1,ليواطئوا
yuwaf~iqi,1,يوفق
yuwbiqo,1,يوبقهن
yuwfiDu,1,يوفضون
yuwqiEa,1,يوقع
yuwviqu,1,يوثق
yuxay~alu,1,يخيل
yuxoribu,1,يخربون
yuzoliqu,1,ليزلقونك
zaAhiq,1,زاهق
zaHof,1,زحفا
zahorap,1,زهرة
zahuwq,1,زهوقا
zajor,1,زجرا
zakaY`,1,زكى
zakiy~,1,زكيا
zakiy~ap,1,زكية
zalaq,1,زلقا
zalozalap,1,زلزلة
zamohariyr,1,زمهريرا
zaniym,1,زنيم
zanjabiyl,1,زنجبيلا
zaraAbiY~,1,وزرابي
zawaAl,1,زوال
zayod,1,زيد
zayog,1,زيغ
zayot,1,زيتها
zayotuwnap,1,زيتونة
zay~alo,1,فزيلنا
zuHoziHa,1,زحزح
zubar,1,زبر
zuro,1,زرتم
zuroq,1,زرقا
z~aAd,1,الزاد
z~a`hidiyn,1,الزاهدين
z~a`jira`t,1,فالزاجرات
z~a`riEuwn,1,الزارعون
z~abaAniyap,1,الزبانية
z~inaY`^,1,الزنى
z~ur~aAE,1,الزراع
{$oma>az~ato,1,اشمأزت
{$otaEala,1,واشتعل
{$otad~ato,1,اشتدت
{&otumina,1,اؤتمن
{Eotabiru,1,فاعتبروا
{Eotamara,1,اعتمر
{EotaraY`,1,اعتراك
{Eotilu,1,فاعتلوه
{Hotaraqato,1,فاحترقت
{SoTaAdu,1,فاصطادوا
{SoTanaEo,1,واصطنعتك
{SodaEo,1,فاصدع
{ToraHu,1,اطرحوه
{bolaEi,1,ابلعي
{botadaEu,1,ابتدعوها
{d~a`ra`#o,1,فادارأتم
{d~akara,1,وادكر
{gosilu,1,فاغسلوا
{gotarafa,1,اغترف
{jonubo,1,واجنبني
{jotaraHu,1,اجترحوا
{jotuv~ato,1,اجتثت
{kotataba,1,اكتتبها
{ll~a`t,1,اللات
{loEuz~aY`,1,والعزى
{loga,1,والغوا
{lotaf~ati,1,والتفت
{lotamisu,1,فالتمسوا
{lotaqama,1,فالتقمه
{mora>,1,امرأ
{moru&NA,1,امرؤ
{mota`zu,1,وامتازوا
{motala>o,1,امتلأت
{nSarafu,1,انصرفوا
{n[baEava,1,انبعث
{n[bajasato,1,فانبجست
{nbiEaAv,1,انبعاثهم
{nfaTarato,1,انفطرت
{nfajarato,1,فانفجرت
{nfalaqa,1,فانفلق
{nfiSaAm,1,انفصام
{nkadarato,1,انكدرت
{noHaro,1,وانحر
{nohaAra,1,فانهار
{ntavarato,1,انتثرت
{qoSido,1,واقصد
{qotaHama,1,اقتحم
{qotadiho,1,اقتده
{sotaEoSama,1,فاستعصم
{sotaEolaY`,1,استعلى
{sotaEomara,1,واستعمركم
{sotaToEama,1,استطعما
{sotagolaZa,1,فاستغلظ
{sotahowato,1,استهوته
{sotajaAra,1,استجارك
{sotaqar~a,1,استقر
{sotaraqa,1,استرق
{sotarohabu,1,واسترهبوهم
{sotawoqada,1,استوقد
{sotazal~a,1,استزلهم
{sotiEojaAl,1,استعجالهم
{sotiHoyaA^',1,استحياء
{sotibodaAl,1,استبدال
{sotigofaAr,1,استغفار
{sotuHofiZu,1,استحفظوا
{t~asaqa,1,اتسق
{t~ixaA*,1,باتخاذكم
{vobutu,1,فاثبتوا
{v~aAqalo,1,اثاقلتم
{xolaEo,1,فاخلع
{xosa_#u,1,اخسئوا
{xotila`q,1,اختلاق
{zodujira,1,وازدجر
{z~ay~anato,1,وازينت
