QAC POS,Форма (Buckwalter),Тип сегмента,Количество сегментов
CONJ,wa,PREFIX,8159
DET,{lo,PREFIX,5375
PRON,wA@,SUFFIX,2853
DET,{l,PREFIX,2597
P,bi,PREFIX,2539
PRON,wna,SUFFIX,2401
REM,fa,PREFIX,1891
PRON,humo,SUFFIX,1454
PRON,kumo,SUFFIX,1348
PRON,naA,SUFFIX,1289
P,la,PREFIX,1154
PRON,ka,SUFFIX,1062
REM,wa,PREFIX,1034
PRON,haA,SUFFIX,937
EMPH,la,PREFIX,931
P,li,PREFIX,836
PRON,"hu,",SUFFIX,834
PRON,himo,SUFFIX,748
PRON,hu,SUFFIX,630
CONJ,fa,PREFIX,517
PRON,hi,SUFFIX,515
PRON,w^A@,SUFFIX,513
PRON,hi.,SUFFIX,497
INTG,>a,PREFIX,481
PRON,w,SUFFIX,443
PRON,Y,SUFFIX,395
PRON,hum,SUFFIX,389
PRON,na`,SUFFIX,373
PRON,kum,SUFFIX,364
PRON,tumo,SUFFIX,362
RSLT,fa,PREFIX,350
PRON,A,SUFFIX,306
P,ka,PREFIX,295
CIRC,wa,PREFIX,289
P,l~i,PREFIX,285
PRP,li,PREFIX,264
PRON,naA^,SUFFIX,241
EMPH,n~a,SUFFIX,237
PRON,ta,SUFFIX,230
DET,lo,PREFIX,199
PRON,humu,SUFFIX,199
VOC,ya`^,PREFIX,190
PRON,tu,SUFFIX,186
P,l~a,PREFIX,174
PRON,woA@,SUFFIX,171
VOC,ya`,PREFIX,170
PRON,kumu,SUFFIX,155
SUP,fa,PREFIX,155
PRON,niY,SUFFIX,141
PRON,tum,SUFFIX,140
PRON,him,SUFFIX,135
PRON,n~aA,SUFFIX,132
PRON,"hu,^",SUFFIX,131
DET,l,PREFIX,128
PRON,Y^,SUFFIX,126
PRON,haA^,SUFFIX,125
FUT,sa,PREFIX,119
PRON,hun~a,SUFFIX,116
PRON,hi.^,SUFFIX,115
PRON,wona,SUFFIX,97
PRON,humaA,SUFFIX,92
PRON,na,SUFFIX,91
CAUS,fa,PREFIX,88
PRON,ni,SUFFIX,81
IMPV,lo,PREFIX,75
PRON,A^,SUFFIX,75
DET,{l~a,PREFIX,73
EMPH,l~a,PREFIX,70
PRON,himu,SUFFIX,66
PRON,hin~a,SUFFIX,63
SUP,wa,PREFIX,59
PRP,l~i,PREFIX,54
PRON,Ani,SUFFIX,53
PRON,Ya,SUFFIX,53
PRON,kumaA,SUFFIX,47
PRON,tumuw,SUFFIX,41
PRON,wo,SUFFIX,37
P,wa,PREFIX,28
PRON,niY^,SUFFIX,28
PRON,wuA@,SUFFIX,28
INTG,'a,PREFIX,26
PRON,himaA,SUFFIX,25
PRON,tumu,SUFFIX,25
PRON,ki,SUFFIX,22
PRON,humaA^,SUFFIX,21
CONJ,w~a,PREFIX,18
PRON,t~umo,SUFFIX,17
PRON,t~u,SUFFIX,15
PRON,n~a`,SUFFIX,13
PRON,kun~a,SUFFIX,12
PRON,niYa,SUFFIX,11
P,ta,PREFIX,9
PRON,n~a,SUFFIX,8
PRON,taA,SUFFIX,8
PRON,t~a,SUFFIX,8
P,b~i,PREFIX,5
PRON,himaA^,SUFFIX,5
PRON,n~aA^,SUFFIX,5
PRON,tun~a,SUFFIX,5
PRON,"wu,na",SUFFIX,5
PRON,y,SUFFIX,5
PRON,yaho,SUFFIX,5
VOC,m~a,SUFFIX,5
CIRC,w~a,PREFIX,4
EQ,>a,PREFIX,4
PRON,ho,SUFFIX,4
PRON,kumuw,SUFFIX,4
PRON,ti,SUFFIX,4
VOC,ha`,PREFIX,4
VOC,ha`^,PREFIX,4
COM,wa,PREFIX,3
EMPH,n~i,SUFFIX,3
IMPV,li,PREFIX,3
PRON,t~um,SUFFIX,3
PRON,w^,SUFFIX,3
DET,A^l,PREFIX,2
DET,A^lo,PREFIX,2
EMPH,A,SUFFIX,2
EQ,'a,PREFIX,2
P,li,SUFFIX,2
PRON,",^A@",SUFFIX,2
PRON,A@,SUFFIX,2
PRON,Yi,SUFFIX,2
PRON,kumaA^,SUFFIX,2
PRON,niy,SUFFIX,2
PRON,n~iY,SUFFIX,2
PRON,n~iY^,SUFFIX,2
PRON,taA^,SUFFIX,2
PRON,tumaA,SUFFIX,2
PRON,t~umu,SUFFIX,2
PRON,t~umuw,SUFFIX,2
VOC,ha,PREFIX,2
DET,{li,PREFIX,1
EMPH,ni,SUFFIX,1
PRON,'uw,SUFFIX,1
PRON,",A@",SUFFIX,1
PRON,.,SUFFIX,1
PRON,"A""",SUFFIX,1
PRON,Y`,SUFFIX,1
PRON,Y`^,SUFFIX,1
PRON,`ni,SUFFIX,1
PRON,h~u,SUFFIX,1
PRON,h~un~a,SUFFIX,1
PRON,k~um,SUFFIX,1
PRON,k~umu,SUFFIX,1
PRON,ni.a,SUFFIX,1
PRON,t~un~a,SUFFIX,1
PRP,lo,PREFIX,1
VOC,ya,PREFIX,1
