sura,source_ayah,source_position,source_token,vocalized_nfc,unvocalized_nfc
2,1,1,بِسْمِ,بِسْمِ,بسم
2,1,2,اللَّهِ,اللَّهِ,الله
2,1,3,الرَّحْمَـٰنِ,الرَّحْمَٰنِ,الرحمن
2,1,4,الرَّحِيمِ,الرَّحِيمِ,الرحيم
3,1,1,بِسْمِ,بِسْمِ,بسم
3,1,2,اللَّهِ,اللَّهِ,الله
3,1,3,الرَّحْمَـٰنِ,الرَّحْمَٰنِ,الرحمن
3,1,4,الرَّحِيمِ,الرَّحِيمِ,الرحيم
4,1,1,بِسْمِ,بِسْمِ,بسم
4,1,2,اللَّهِ,اللَّهِ,الله
4,1,3,الرَّحْمَـٰنِ,الرَّحْمَٰنِ,الرحمن
4,1,4,الرَّحِيمِ,الرَّحِيمِ,الرحيم
5,1,1,بِسْمِ,بِسْمِ,بسم
5,1,2,اللَّهِ,اللَّهِ,الله
5,1,3,الرَّحْمَـٰنِ,الرَّحْمَٰنِ,الرحمن
5,1,4,الرَّحِيمِ,الرَّحِيمِ,الرحيم
6,1,1,بِسْمِ,بِسْمِ,بسم
6,1,2,اللَّهِ,اللَّهِ,الله
6,1,3,الرَّحْمَـٰنِ,الرَّحْمَٰنِ,الرحمن
6,1,4,الرَّحِيمِ,الرَّحِيمِ,الرحيم
7,1,1,بِسْمِ,بِسْمِ,بسم
7,1,2,اللَّهِ,اللَّهِ,الله
7,1,3,الرَّحْمَـٰنِ,الرَّحْمَٰنِ,الرحمن
7,1,4,الرَّحِيمِ,الرَّحِيمِ,الرحيم
8,1,1,بِسْمِ,بِسْمِ,بسم
8,1,2,اللَّهِ,اللَّهِ,الله
8,1,3,الرَّحْمَـٰنِ,الرَّحْمَٰنِ,الرحمن
8,1,4,الرَّحِيمِ,الرَّحِيمِ,الرحيم
10,1,1,بِسْمِ,بِسْمِ,بسم
10,1,2,اللَّهِ,اللَّهِ,الله
10,1,3,الرَّحْمَـٰنِ,الرَّحْمَٰنِ,الرحمن
10,1,4,الرَّحِيمِ,الرَّحِيمِ,الرحيم
11,1,1,بِسْمِ,بِسْمِ,بسم
11,1,2,اللَّهِ,اللَّهِ,الله
11,1,3,الرَّحْمَـٰنِ,الرَّحْمَٰنِ,الرحمن
11,1,4,الرَّحِيمِ,الرَّحِيمِ,الرحيم
12,1,1,بِسْمِ,بِسْمِ,بسم
12,1,2,اللَّهِ,اللَّهِ,الله
12,1,3,الرَّحْمَـٰنِ,الرَّحْمَٰنِ,الرحمن
12,1,4,الرَّحِيمِ,الرَّحِيمِ,الرحيم
13,1,1,بِسْمِ,بِسْمِ,بسم
13,1,2,اللَّهِ,اللَّهِ,الله
13,1,3,الرَّحْمَـٰنِ,الرَّحْمَٰنِ,الرحمن
13,1,4,الرَّحِيمِ,الرَّحِيمِ,الرحيم
14,1,1,بِسْمِ,بِسْمِ,بسم
14,1,2,اللَّهِ,اللَّهِ,الله
14,1,3,الرَّحْمَـٰنِ,الرَّحْمَٰنِ,الرحمن
14,1,4,الرَّحِيمِ,الرَّحِيمِ,الرحيم
15,1,1,بِسْمِ,بِسْمِ,بسم
15,1,2,اللَّهِ,اللَّهِ,الله
15,1,3,الرَّحْمَـٰنِ,الرَّحْمَٰنِ,الرحمن
15,1,4,الرَّحِيمِ,الرَّحِيمِ,الرحيم
16,1,1,بِسْمِ,بِسْمِ,بسم
16,1,2,اللَّهِ,اللَّهِ,الله
16,1,3,الرَّحْمَـٰنِ,الرَّحْمَٰنِ,الرحمن
16,1,4,الرَّحِيمِ,الرَّحِيمِ,الرحيم
17,1,1,بِسْمِ,بِسْمِ,بسم
17,1,2,اللَّهِ,اللَّهِ,الله
17,1,3,الرَّحْمَـٰنِ,الرَّحْمَٰنِ,الرحمن
17,1,4,الرَّحِيمِ,الرَّحِيمِ,الرحيم
18,1,1,بِسْمِ,بِسْمِ,بسم
18,1,2,اللَّهِ,اللَّهِ,الله
18,1,3,الرَّحْمَـٰنِ,الرَّحْمَٰنِ,الرحمن
18,1,4,الرَّحِيمِ,الرَّحِيمِ,الرحيم
19,1,1,بِسْمِ,بِسْمِ,بسم
19,1,2,اللَّهِ,اللَّهِ,الله
19,1,3,الرَّحْمَـٰنِ,الرَّحْمَٰنِ,الرحمن
19,1,4,الرَّحِيمِ,الرَّحِيمِ,الرحيم
20,1,1,بِسْمِ,بِسْمِ,بسم
20,1,2,اللَّهِ,اللَّهِ,الله
20,1,3,الرَّحْمَـٰنِ,الرَّحْمَٰنِ,الرحمن
20,1,4,الرَّحِيمِ,الرَّحِيمِ,الرحيم
21,1,1,بِسْمِ,بِسْمِ,بسم
21,1,2,اللَّهِ,اللَّهِ,الله
21,1,3,الرَّحْمَـٰنِ,الرَّحْمَٰنِ,الرحمن
21,1,4,الرَّحِيمِ,الرَّحِيمِ,الرحيم
22,1,1,بِسْمِ,بِسْمِ,بسم
22,1,2,اللَّهِ,اللَّهِ,الله
22,1,3,الرَّحْمَـٰنِ,الرَّحْمَٰنِ,الرحمن
22,1,4,الرَّحِيمِ,الرَّحِيمِ,الرحيم
23,1,1,بِسْمِ,بِسْمِ,بسم
23,1,2,اللَّهِ,اللَّهِ,الله
23,1,3,الرَّحْمَـٰنِ,الرَّحْمَٰنِ,الرحمن
23,1,4,الرَّحِيمِ,الرَّحِيمِ,الرحيم
24,1,1,بِسْمِ,بِسْمِ,بسم
24,1,2,اللَّهِ,اللَّهِ,الله
24,1,3,الرَّحْمَـٰنِ,الرَّحْمَٰنِ,الرحمن
24,1,4,الرَّحِيمِ,الرَّحِيمِ,الرحيم
25,1,1,بِسْمِ,بِسْمِ,بسم
25,1,2,اللَّهِ,اللَّهِ,الله
25,1,3,الرَّحْمَـٰنِ,الرَّحْمَٰنِ,الرحمن
25,1,4,الرَّحِيمِ,الرَّحِيمِ,الرحيم
26,1,1,بِسْمِ,بِسْمِ,بسم
26,1,2,اللَّهِ,اللَّهِ,الله
26,1,3,الرَّحْمَـٰنِ,الرَّحْمَٰنِ,الرحمن
26,1,4,الرَّحِيمِ,الرَّحِيمِ,الرحيم
27,1,1,بِسْمِ,بِسْمِ,بسم
27,1,2,اللَّهِ,اللَّهِ,الله
27,1,3,الرَّحْمَـٰنِ,الرَّحْمَٰنِ,الرحمن
27,1,4,الرَّحِيمِ,الرَّحِيمِ,الرحيم
28,1,1,بِسْمِ,بِسْمِ,بسم
28,1,2,اللَّهِ,اللَّهِ,الله
28,1,3,الرَّحْمَـٰنِ,الرَّحْمَٰنِ,الرحمن
28,1,4,الرَّحِيمِ,الرَّحِيمِ,الرحيم
29,1,1,بِسْمِ,بِسْمِ,بسم
29,1,2,اللَّهِ,اللَّهِ,الله
29,1,3,الرَّحْمَـٰنِ,الرَّحْمَٰنِ,الرحمن
29,1,4,الرَّحِيمِ,الرَّحِيمِ,الرحيم
30,1,1,بِسْمِ,بِسْمِ,بسم
30,1,2,اللَّهِ,اللَّهِ,الله
30,1,3,الرَّحْمَـٰنِ,الرَّحْمَٰنِ,الرحمن
30,1,4,الرَّحِيمِ,الرَّحِيمِ,الرحيم
31,1,1,بِسْمِ,بِسْمِ,بسم
31,1,2,اللَّهِ,اللَّهِ,الله
31,1,3,الرَّحْمَـٰنِ,الرَّحْمَٰنِ,الرحمن
31,1,4,الرَّحِيمِ,الرَّحِيمِ,الرحيم
32,1,1,بِسْمِ,بِسْمِ,بسم
32,1,2,اللَّهِ,اللَّهِ,الله
32,1,3,الرَّحْمَـٰنِ,الرَّحْمَٰنِ,الرحمن
32,1,4,الرَّحِيمِ,الرَّحِيمِ,الرحيم
33,1,1,بِسْمِ,بِسْمِ,بسم
33,1,2,اللَّهِ,اللَّهِ,الله
33,1,3,الرَّحْمَـٰنِ,الرَّحْمَٰنِ,الرحمن
33,1,4,الرَّحِيمِ,الرَّحِيمِ,الرحيم
34,1,1,بِسْمِ,بِسْمِ,بسم
34,1,2,اللَّهِ,اللَّهِ,الله
34,1,3,الرَّحْمَـٰنِ,الرَّحْمَٰنِ,الرحمن
34,1,4,الرَّحِيمِ,الرَّحِيمِ,الرحيم
35,1,1,بِسْمِ,بِسْمِ,بسم
35,1,2,اللَّهِ,اللَّهِ,الله
35,1,3,الرَّحْمَـٰنِ,الرَّحْمَٰنِ,الرحمن
35,1,4,الرَّحِيمِ,الرَّحِيمِ,الرحيم
36,1,1,بِسْمِ,بِسْمِ,بسم
36,1,2,اللَّهِ,اللَّهِ,الله
36,1,3,الرَّحْمَـٰنِ,الرَّحْمَٰنِ,الرحمن
36,1,4,الرَّحِيمِ,الرَّحِيمِ,الرحيم
37,1,1,بِسْمِ,بِسْمِ,بسم
37,1,2,اللَّهِ,اللَّهِ,الله
37,1,3,الرَّحْمَـٰنِ,الرَّحْمَٰنِ,الرحمن
37,1,4,الرَّحِيمِ,الرَّحِيمِ,الرحيم
38,1,1,بِسْمِ,بِسْمِ,بسم
38,1,2,اللَّهِ,اللَّهِ,الله
38,1,3,الرَّحْمَـٰنِ,الرَّحْمَٰنِ,الرحمن
38,1,4,الرَّحِيمِ,الرَّحِيمِ,الرحيم
39,1,1,بِسْمِ,بِسْمِ,بسم
39,1,2,اللَّهِ,اللَّهِ,الله
39,1,3,الرَّحْمَـٰنِ,الرَّحْمَٰنِ,الرحمن
39,1,4,الرَّحِيمِ,الرَّحِيمِ,الرحيم
40,1,1,بِسْمِ,بِسْمِ,بسم
40,1,2,اللَّهِ,اللَّهِ,الله
40,1,3,الرَّحْمَـٰنِ,الرَّحْمَٰنِ,الرحمن
40,1,4,الرَّحِيمِ,الرَّحِيمِ,الرحيم
41,1,1,بِسْمِ,بِسْمِ,بسم
41,1,2,اللَّهِ,اللَّهِ,الله
41,1,3,الرَّحْمَـٰنِ,الرَّحْمَٰنِ,الرحمن
41,1,4,الرَّحِيمِ,الرَّحِيمِ,الرحيم
42,1,1,بِسْمِ,بِسْمِ,بسم
42,1,2,اللَّهِ,اللَّهِ,الله
42,1,3,الرَّحْمَـٰنِ,الرَّحْمَٰنِ,الرحمن
42,1,4,الرَّحِيمِ,الرَّحِيمِ,الرحيم
43,1,1,بِسْمِ,بِسْمِ,بسم
43,1,2,اللَّهِ,اللَّهِ,الله
43,1,3,الرَّحْمَـٰنِ,الرَّحْمَٰنِ,الرحمن
43,1,4,الرَّحِيمِ,الرَّحِيمِ,الرحيم
44,1,1,بِسْمِ,بِسْمِ,بسم
44,1,2,اللَّهِ,اللَّهِ,الله
44,1,3,الرَّحْمَـٰنِ,الرَّحْمَٰنِ,الرحمن
44,1,4,الرَّحِيمِ,الرَّحِيمِ,الرحيم
45,1,1,بِسْمِ,بِسْمِ,بسم
45,1,2,اللَّهِ,اللَّهِ,الله
45,1,3,الرَّحْمَـٰنِ,الرَّحْمَٰنِ,الرحمن
45,1,4,الرَّحِيمِ,الرَّحِيمِ,الرحيم
46,1,1,بِسْمِ,بِسْمِ,بسم
46,1,2,اللَّهِ,اللَّهِ,الله
46,1,3,الرَّحْمَـٰنِ,الرَّحْمَٰنِ,الرحمن
46,1,4,الرَّحِيمِ,الرَّحِيمِ,الرحيم
47,1,1,بِسْمِ,بِسْمِ,بسم
47,1,2,اللَّهِ,اللَّهِ,الله
47,1,3,الرَّحْمَـٰنِ,الرَّحْمَٰنِ,الرحمن
47,1,4,الرَّحِيمِ,الرَّحِيمِ,الرحيم
48,1,1,بِسْمِ,بِسْمِ,بسم
48,1,2,اللَّهِ,اللَّهِ,الله
48,1,3,الرَّحْمَـٰنِ,الرَّحْمَٰنِ,الرحمن
48,1,4,الرَّحِيمِ,الرَّحِيمِ,الرحيم
49,1,1,بِسْمِ,بِسْمِ,بسم
49,1,2,اللَّهِ,اللَّهِ,الله
49,1,3,الرَّحْمَـٰنِ,الرَّحْمَٰنِ,الرحمن
49,1,4,الرَّحِيمِ,الرَّحِيمِ,الرحيم
50,1,1,بِسْمِ,بِسْمِ,بسم
50,1,2,اللَّهِ,اللَّهِ,الله
50,1,3,الرَّحْمَـٰنِ,الرَّحْمَٰنِ,الرحمن
50,1,4,الرَّحِيمِ,الرَّحِيمِ,الرحيم
51,1,1,بِسْمِ,بِسْمِ,بسم
51,1,2,اللَّهِ,اللَّهِ,الله
51,1,3,الرَّحْمَـٰنِ,الرَّحْمَٰنِ,الرحمن
51,1,4,الرَّحِيمِ,الرَّحِيمِ,الرحيم
52,1,1,بِسْمِ,بِسْمِ,بسم
52,1,2,اللَّهِ,اللَّهِ,الله
52,1,3,الرَّحْمَـٰنِ,الرَّحْمَٰنِ,الرحمن
52,1,4,الرَّحِيمِ,الرَّحِيمِ,الرحيم
53,1,1,بِسْمِ,بِسْمِ,بسم
53,1,2,اللَّهِ,اللَّهِ,الله
53,1,3,الرَّحْمَـٰنِ,الرَّحْمَٰنِ,الرحمن
53,1,4,الرَّحِيمِ,الرَّحِيمِ,الرحيم
54,1,1,بِسْمِ,بِسْمِ,بسم
54,1,2,اللَّهِ,اللَّهِ,الله
54,1,3,الرَّحْمَـٰنِ,الرَّحْمَٰنِ,الرحمن
54,1,4,الرَّحِيمِ,الرَّحِيمِ,الرحيم
55,1,1,بِسْمِ,بِسْمِ,بسم
55,1,2,اللَّهِ,اللَّهِ,الله
55,1,3,الرَّحْمَـٰنِ,الرَّحْمَٰنِ,الرحمن
55,1,4,الرَّحِيمِ,الرَّحِيمِ,الرحيم
56,1,1,بِسْمِ,بِسْمِ,بسم
56,1,2,اللَّهِ,اللَّهِ,الله
56,1,3,الرَّحْمَـٰنِ,الرَّحْمَٰنِ,الرحمن
56,1,4,الرَّحِيمِ,الرَّحِيمِ,الرحيم
57,1,1,بِسْمِ,بِسْمِ,بسم
57,1,2,اللَّهِ,اللَّهِ,الله
57,1,3,الرَّحْمَـٰنِ,الرَّحْمَٰنِ,الرحمن
57,1,4,الرَّحِيمِ,الرَّحِيمِ,الرحيم
58,1,1,بِسْمِ,بِسْمِ,بسم
58,1,2,اللَّهِ,اللَّهِ,الله
58,1,3,الرَّحْمَـٰنِ,الرَّحْمَٰنِ,الرحمن
58,1,4,الرَّحِيمِ,الرَّحِيمِ,الرحيم
59,1,1,بِسْمِ,بِسْمِ,بسم
59,1,2,اللَّهِ,اللَّهِ,الله
59,1,3,الرَّحْمَـٰنِ,الرَّحْمَٰنِ,الرحمن
59,1,4,الرَّحِيمِ,الرَّحِيمِ,الرحيم
60,1,1,بِسْمِ,بِسْمِ,بسم
60,1,2,اللَّهِ,اللَّهِ,الله
60,1,3,الرَّحْمَـٰنِ,الرَّحْمَٰنِ,الرحمن
60,1,4,الرَّحِيمِ,الرَّحِيمِ,الرحيم
61,1,1,بِسْمِ,بِسْمِ,بسم
61,1,2,اللَّهِ,اللَّهِ,الله
61,1,3,الرَّحْمَـٰنِ,الرَّحْمَٰنِ,الرحمن
61,1,4,الرَّحِيمِ,الرَّحِيمِ,الرحيم
62,1,1,بِسْمِ,بِسْمِ,بسم
62,1,2,اللَّهِ,اللَّهِ,الله
62,1,3,الرَّحْمَـٰنِ,الرَّحْمَٰنِ,الرحمن
62,1,4,الرَّحِيمِ,الرَّحِيمِ,الرحيم
63,1,1,بِسْمِ,بِسْمِ,بسم
63,1,2,اللَّهِ,اللَّهِ,الله
63,1,3,الرَّحْمَـٰنِ,الرَّحْمَٰنِ,الرحمن
63,1,4,الرَّحِيمِ,الرَّحِيمِ,الرحيم
64,1,1,بِسْمِ,بِسْمِ,بسم
64,1,2,اللَّهِ,اللَّهِ,الله
64,1,3,الرَّحْمَـٰنِ,الرَّحْمَٰنِ,الرحمن
64,1,4,الرَّحِيمِ,الرَّحِيمِ,الرحيم
65,1,1,بِسْمِ,بِسْمِ,بسم
65,1,2,اللَّهِ,اللَّهِ,الله
65,1,3,الرَّحْمَـٰنِ,الرَّحْمَٰنِ,الرحمن
65,1,4,الرَّحِيمِ,الرَّحِيمِ,الرحيم
66,1,1,بِسْمِ,بِسْمِ,بسم
66,1,2,اللَّهِ,اللَّهِ,الله
66,1,3,الرَّحْمَـٰنِ,الرَّحْمَٰنِ,الرحمن
66,1,4,الرَّحِيمِ,الرَّحِيمِ,الرحيم
67,1,1,بِسْمِ,بِسْمِ,بسم
67,1,2,اللَّهِ,اللَّهِ,الله
67,1,3,الرَّحْمَـٰنِ,الرَّحْمَٰنِ,الرحمن
67,1,4,الرَّحِيمِ,الرَّحِيمِ,الرحيم
68,1,1,بِسْمِ,بِسْمِ,بسم
68,1,2,اللَّهِ,اللَّهِ,الله
68,1,3,الرَّحْمَـٰنِ,الرَّحْمَٰنِ,الرحمن
68,1,4,الرَّحِيمِ,الرَّحِيمِ,الرحيم
69,1,1,بِسْمِ,بِسْمِ,بسم
69,1,2,اللَّهِ,اللَّهِ,الله
69,1,3,الرَّحْمَـٰنِ,الرَّحْمَٰنِ,الرحمن
69,1,4,الرَّحِيمِ,الرَّحِيمِ,الرحيم
70,1,1,بِسْمِ,بِسْمِ,بسم
70,1,2,اللَّهِ,اللَّهِ,الله
70,1,3,الرَّحْمَـٰنِ,الرَّحْمَٰنِ,الرحمن
70,1,4,الرَّحِيمِ,الرَّحِيمِ,الرحيم
71,1,1,بِسْمِ,بِسْمِ,بسم
71,1,2,اللَّهِ,اللَّهِ,الله
71,1,3,الرَّحْمَـٰنِ,الرَّحْمَٰنِ,الرحمن
71,1,4,الرَّحِيمِ,الرَّحِيمِ,الرحيم
72,1,1,بِسْمِ,بِسْمِ,بسم
72,1,2,اللَّهِ,اللَّهِ,الله
72,1,3,الرَّحْمَـٰنِ,الرَّحْمَٰنِ,الرحمن
72,1,4,الرَّحِيمِ,الرَّحِيمِ,الرحيم
73,1,1,بِسْمِ,بِسْمِ,بسم
73,1,2,اللَّهِ,اللَّهِ,الله
73,1,3,الرَّحْمَـٰنِ,الرَّحْمَٰنِ,الرحمن
73,1,4,الرَّحِيمِ,الرَّحِيمِ,الرحيم
74,1,1,بِسْمِ,بِسْمِ,بسم
74,1,2,اللَّهِ,اللَّهِ,الله
74,1,3,الرَّحْمَـٰنِ,الرَّحْمَٰنِ,الرحمن
74,1,4,الرَّحِيمِ,الرَّحِيمِ,الرحيم
75,1,1,بِسْمِ,بِسْمِ,بسم
75,1,2,اللَّهِ,اللَّهِ,الله
75,1,3,الرَّحْمَـٰنِ,الرَّحْمَٰنِ,الرحمن
75,1,4,الرَّحِيمِ,الرَّحِيمِ,الرحيم
76,1,1,بِسْمِ,بِسْمِ,بسم
76,1,2,اللَّهِ,اللَّهِ,الله
76,1,3,الرَّحْمَـٰنِ,الرَّحْمَٰنِ,الرحمن
76,1,4,الرَّحِيمِ,الرَّحِيمِ,الرحيم
77,1,1,بِسْمِ,بِسْمِ,بسم
77,1,2,اللَّهِ,اللَّهِ,الله
77,1,3,الرَّحْمَـٰنِ,الرَّحْمَٰنِ,الرحمن
77,1,4,الرَّحِيمِ,الرَّحِيمِ,الرحيم
78,1,1,بِسْمِ,بِسْمِ,بسم
78,1,2,اللَّهِ,اللَّهِ,الله
78,1,3,الرَّحْمَـٰنِ,الرَّحْمَٰنِ,الرحمن
78,1,4,الرَّحِيمِ,الرَّحِيمِ,الرحيم
79,1,1,بِسْمِ,بِسْمِ,بسم
79,1,2,اللَّهِ,اللَّهِ,الله
79,1,3,الرَّحْمَـٰنِ,الرَّحْمَٰنِ,الرحمن
79,1,4,الرَّحِيمِ,الرَّحِيمِ,الرحيم
80,1,1,بِسْمِ,بِسْمِ,بسم
80,1,2,اللَّهِ,اللَّهِ,الله
80,1,3,الرَّحْمَـٰنِ,الرَّحْمَٰنِ,الرحمن
80,1,4,الرَّحِيمِ,الرَّحِيمِ,الرحيم
81,1,1,بِسْمِ,بِسْمِ,بسم
81,1,2,اللَّهِ,اللَّهِ,الله
81,1,3,الرَّحْمَـٰنِ,الرَّحْمَٰنِ,الرحمن
81,1,4,الرَّحِيمِ,الرَّحِيمِ,الرحيم
82,1,1,بِسْمِ,بِسْمِ,بسم
82,1,2,اللَّهِ,اللَّهِ,الله
82,1,3,الرَّحْمَـٰنِ,الرَّحْمَٰنِ,الرحمن
82,1,4,الرَّحِيمِ,الرَّحِيمِ,الرحيم
83,1,1,بِسْمِ,بِسْمِ,بسم
83,1,2,اللَّهِ,اللَّهِ,الله
83,1,3,الرَّحْمَـٰنِ,الرَّحْمَٰنِ,الرحمن
83,1,4,الرَّحِيمِ,الرَّحِيمِ,الرحيم
84,1,1,بِسْمِ,بِسْمِ,بسم
84,1,2,اللَّهِ,اللَّهِ,الله
84,1,3,الرَّحْمَـٰنِ,الرَّحْمَٰنِ,الرحمن
84,1,4,الرَّحِيمِ,الرَّحِيمِ,الرحيم
85,1,1,بِسْمِ,بِسْمِ,بسم
85,1,2,اللَّهِ,اللَّهِ,الله
85,1,3,الرَّحْمَـٰنِ,الرَّحْمَٰنِ,الرحمن
85,1,4,الرَّحِيمِ,الرَّحِيمِ,الرحيم
86,1,1,بِسْمِ,بِسْمِ,بسم
86,1,2,اللَّهِ,اللَّهِ,الله
86,1,3,الرَّحْمَـٰنِ,الرَّحْمَٰنِ,الرحمن
86,1,4,الرَّحِيمِ,الرَّحِيمِ,الرحيم
87,1,1,بِسْمِ,بِسْمِ,بسم
87,1,2,اللَّهِ,اللَّهِ,الله
87,1,3,الرَّحْمَـٰنِ,الرَّحْمَٰنِ,الرحمن
87,1,4,الرَّحِيمِ,الرَّحِيمِ,الرحيم
88,1,1,بِسْمِ,بِسْمِ,بسم
88,1,2,اللَّهِ,اللَّهِ,الله
88,1,3,الرَّحْمَـٰنِ,الرَّحْمَٰنِ,الرحمن
88,1,4,الرَّحِيمِ,الرَّحِيمِ,الرحيم
89,1,1,بِسْمِ,بِسْمِ,بسم
89,1,2,اللَّهِ,اللَّهِ,الله
89,1,3,الرَّحْمَـٰنِ,الرَّحْمَٰنِ,الرحمن
89,1,4,الرَّحِيمِ,الرَّحِيمِ,الرحيم
90,1,1,بِسْمِ,بِسْمِ,بسم
90,1,2,اللَّهِ,اللَّهِ,الله
90,1,3,الرَّحْمَـٰنِ,الرَّحْمَٰنِ,الرحمن
90,1,4,الرَّحِيمِ,الرَّحِيمِ,الرحيم
91,1,1,بِسْمِ,بِسْمِ,بسم
91,1,2,اللَّهِ,اللَّهِ,الله
91,1,3,الرَّحْمَـٰنِ,الرَّحْمَٰنِ,الرحمن
91,1,4,الرَّحِيمِ,الرَّحِيمِ,الرحيم
92,1,1,بِسْمِ,بِسْمِ,بسم
92,1,2,اللَّهِ,اللَّهِ,الله
92,1,3,الرَّحْمَـٰنِ,الرَّحْمَٰنِ,الرحمن
92,1,4,الرَّحِيمِ,الرَّحِيمِ,الرحيم
93,1,1,بِسْمِ,بِسْمِ,بسم
93,1,2,اللَّهِ,اللَّهِ,الله
93,1,3,الرَّحْمَـٰنِ,الرَّحْمَٰنِ,الرحمن
93,1,4,الرَّحِيمِ,الرَّحِيمِ,الرحيم
94,1,1,بِسْمِ,بِسْمِ,بسم
94,1,2,اللَّهِ,اللَّهِ,الله
94,1,3,الرَّحْمَـٰنِ,الرَّحْمَٰنِ,الرحمن
94,1,4,الرَّحِيمِ,الرَّحِيمِ,الرحيم
95,1,1,بِّسْمِ,بِّسْمِ,بسم
95,1,2,اللَّهِ,اللَّهِ,الله
95,1,3,الرَّحْمَـٰنِ,الرَّحْمَٰنِ,الرحمن
95,1,4,الرَّحِيمِ,الرَّحِيمِ,الرحيم
96,1,1,بِسْمِ,بِسْمِ,بسم
96,1,2,اللَّهِ,اللَّهِ,الله
96,1,3,الرَّحْمَـٰنِ,الرَّحْمَٰنِ,الرحمن
96,1,4,الرَّحِيمِ,الرَّحِيمِ,الرحيم
97,1,1,بِّسْمِ,بِّسْمِ,بسم
97,1,2,اللَّهِ,اللَّهِ,الله
97,1,3,الرَّحْمَـٰنِ,الرَّحْمَٰنِ,الرحمن
97,1,4,الرَّحِيمِ,الرَّحِيمِ,الرحيم
98,1,1,بِسْمِ,بِسْمِ,بسم
98,1,2,اللَّهِ,اللَّهِ,الله
98,1,3,الرَّحْمَـٰنِ,الرَّحْمَٰنِ,الرحمن
98,1,4,الرَّحِيمِ,الرَّحِيمِ,الرحيم
99,1,1,بِسْمِ,بِسْمِ,بسم
99,1,2,اللَّهِ,اللَّهِ,الله
99,1,3,الرَّحْمَـٰنِ,الرَّحْمَٰنِ,الرحمن
99,1,4,الرَّحِيمِ,الرَّحِيمِ,الرحيم
100,1,1,بِسْمِ,بِسْمِ,بسم
100,1,2,اللَّهِ,اللَّهِ,الله
100,1,3,الرَّحْمَـٰنِ,الرَّحْمَٰنِ,الرحمن
100,1,4,الرَّحِيمِ,الرَّحِيمِ,الرحيم
101,1,1,بِسْمِ,بِسْمِ,بسم
101,1,2,اللَّهِ,اللَّهِ,الله
101,1,3,الرَّحْمَـٰنِ,الرَّحْمَٰنِ,الرحمن
101,1,4,الرَّحِيمِ,الرَّحِيمِ,الرحيم
102,1,1,بِسْمِ,بِسْمِ,بسم
102,1,2,اللَّهِ,اللَّهِ,الله
102,1,3,الرَّحْمَـٰنِ,الرَّحْمَٰنِ,الرحمن
102,1,4,الرَّحِيمِ,الرَّحِيمِ,الرحيم
103,1,1,بِسْمِ,بِسْمِ,بسم
103,1,2,اللَّهِ,اللَّهِ,الله
103,1,3,الرَّحْمَـٰنِ,الرَّحْمَٰنِ,الرحمن
103,1,4,الرَّحِيمِ,الرَّحِيمِ,الرحيم
104,1,1,بِسْمِ,بِسْمِ,بسم
104,1,2,اللَّهِ,اللَّهِ,الله
104,1,3,الرَّحْمَـٰنِ,الرَّحْمَٰنِ,الرحمن
104,1,4,الرَّحِيمِ,الرَّحِيمِ,الرحيم
105,1,1,بِسْمِ,بِسْمِ,بسم
105,1,2,اللَّهِ,اللَّهِ,الله
105,1,3,الرَّحْمَـٰنِ,الرَّحْمَٰنِ,الرحمن
105,1,4,الرَّحِيمِ,الرَّحِيمِ,الرحيم
106,1,1,بِسْمِ,بِسْمِ,بسم
106,1,2,اللَّهِ,اللَّهِ,الله
106,1,3,الرَّحْمَـٰنِ,الرَّحْمَٰنِ,الرحمن
106,1,4,الرَّحِيمِ,الرَّحِيمِ,الرحيم
107,1,1,بِسْمِ,بِسْمِ,بسم
107,1,2,اللَّهِ,اللَّهِ,الله
107,1,3,الرَّحْمَـٰنِ,الرَّحْمَٰنِ,الرحمن
107,1,4,الرَّحِيمِ,الرَّحِيمِ,الرحيم
108,1,1,بِسْمِ,بِسْمِ,بسم
108,1,2,اللَّهِ,اللَّهِ,الله
108,1,3,الرَّحْمَـٰنِ,الرَّحْمَٰنِ,الرحمن
108,1,4,الرَّحِيمِ,الرَّحِيمِ,الرحيم
109,1,1,بِسْمِ,بِسْمِ,بسم
109,1,2,اللَّهِ,اللَّهِ,الله
109,1,3,الرَّحْمَـٰنِ,الرَّحْمَٰنِ,الرحمن
109,1,4,الرَّحِيمِ,الرَّحِيمِ,الرحيم
110,1,1,بِسْمِ,بِسْمِ,بسم
110,1,2,اللَّهِ,اللَّهِ,الله
110,1,3,الرَّحْمَـٰنِ,الرَّحْمَٰنِ,الرحمن
110,1,4,الرَّحِيمِ,الرَّحِيمِ,الرحيم
111,1,1,بِسْمِ,بِسْمِ,بسم
111,1,2,اللَّهِ,اللَّهِ,الله
111,1,3,الرَّحْمَـٰنِ,الرَّحْمَٰنِ,الرحمن
111,1,4,الرَّحِيمِ,الرَّحِيمِ,الرحيم
112,1,1,بِسْمِ,بِسْمِ,بسم
112,1,2,اللَّهِ,اللَّهِ,الله
112,1,3,الرَّحْمَـٰنِ,الرَّحْمَٰنِ,الرحمن
112,1,4,الرَّحِيمِ,الرَّحِيمِ,الرحيم
113,1,1,بِسْمِ,بِسْمِ,بسم
113,1,2,اللَّهِ,اللَّهِ,الله
113,1,3,الرَّحْمَـٰنِ,الرَّحْمَٰنِ,الرحمن
113,1,4,الرَّحِيمِ,الرَّحِيمِ,الرحيم
114,1,1,بِسْمِ,بِسْمِ,بسم
114,1,2,اللَّهِ,اللَّهِ,الله
114,1,3,الرَّحْمَـٰنِ,الرَّحْمَٰنِ,الرحمن
114,1,4,الرَّحِيمِ,الرَّحِيمِ,الرحيم
